Kì,6 số trúng,số power,Ngày sổ
1,05 10 14 23 24 38,35,01/08/2017
2,04 09 24 25 27 45,40,03/08/2017
3,01 05 11 32 40 45,43,05/08/2017
4,19 36 39 41 46 51,38,08/08/2017
5,10 11 19 41 50 54,03,10/08/2017
6,06 16 20 32 38 51,34,12/08/2017
7,07 11 19 32 33 51,30,15/08/2017
8,11 12 20 30 32 34,53,17/08/2017
9,07 11 13 15 26 51,36,19/08/2017
10,10 24 31 32 38 44,14,22/08/2017
11,05 16 18 37 42 46,10,24/08/2017
12,17 25 30 31 36 41,20,26/08/2017
13,04 12 15 23 24 41,44,29/08/2017
14,08 20 27 35 36 47,18,31/08/2017
15,05 09 11 18 19 37,50,02/09/2017
16,01 02 08 13 23 39,09,05/09/2017
17,04 18 22 31 32 40,08,07/09/2017
18,01 15 23 36 43 54,12,09/09/2017
19,06 10 12 47 48 51,35,12/09/2017
20,22 23 32 43 44 51,15,14/09/2017
21,09 12 21 26 29 52,24,16/09/2017
22,03 32 36 41 44 53,45,19/09/2017
23,09 12 16 24 43 51,39,21/09/2017
24,07 08 27 36 44 53,49,23/09/2017
25,14 15 18 30 36 49,19,26/09/2017
26,20 27 28 31 39 47,10,28/09/2017
27,04 17 23 25 34 46,24,30/09/2017
28,21 31 35 41 46 50,23,03/10/2017
29,01 03 14 19 35 41,20,05/10/2017
30,31 34 40 42 43 49,16,07/10/2017
31,29 33 43 44 45 50,41,10/10/2017
32,05 08 11 31 37 42,52,12/10/2017
33,14 18 29 35 44 49,54,14/10/2017
34,01 26 36 40 50 54,31,17/10/2017
35,06 15 17 24 40 45,39,19/10/2017
36,04 09 13 16 18 49,30,21/10/2017
37,01 02 09 13 32 35,52,24/10/2017
38,02 10 15 30 34 50,03,26/10/2017
39,13 18 35 36 41 48,47,28/10/2017
40,07 13 24 45 47 52,33,31/10/2017
41,03 09 12 21 51 52,07,02/11/2017
42,02 08 12 44 46 52,09,04/11/2017
43,19 32 36 37 42 54,28,07/11/2017
44,02 03 06 23 34 36,50,09/11/2017
45,12 26 33 35 36 44,01,11/11/2017
46,20 24 29 41 47 49,22,14/11/2017
47,01 16 22 25 47 48,21,16/11/2017
48,11 12 26 42 50 54,17,18/11/2017
49,05 08 23 37 38 54,55,21/11/2017
50,01 02 03 18 25 50,14,23/11/2017
51,02 09 16 46 52 55,50,25/11/2017
52,02 19 39 49 51 53,20,28/11/2017
53,05 13 26 37 53 55,28,30/11/2017
54,09 37 45 50 53 54,40,02/12/2017
55,27 38 40 42 46 55,05,05/12/2017
56,03 14 26 35 44 54,25,07/12/2017
57,05 34 35 42 49 52,21,09/12/2017
58,06 07 08 21 32 39,27,12/12/2017
59,11 12 22 28 46 50,07,14/12/2017
60,05 23 37 41 43 53,25,16/12/2017
61,02 03 20 25 38 44,12,19/12/2017
62,22 23 27 35 37 46,19,21/12/2017
63,07 08 09 13 28 44,12,23/12/2017
64,07 11 13 18 26 42,49,26/12/2017
65,07 18 26 29 31 35,34,28/12/2017
66,08 09 36 37 39 50,07,30/12/2017
67,04 07 08 34 37 47,24,02/01/2018
68,01 07 31 35 46 55,51,04/01/2018
69,04 11 24 35 41 45,17,06/01/2018
70,18 25 28 46 50 51,15,09/01/2018
71,04 07 30 35 37 45,01,11/01/2018
72,03 21 25 26 51 55,37,13/01/2018
73,06 27 33 41 42 49,22,16/01/2018
74,12 24 28 30 36 39,15,18/01/2018
75,02 07 15 16 41 45,19,20/01/2018
76,03 10 15 23 41 53,35,23/01/2018
77,01 10 30 44 45 50,04,25/01/2018
78,21 26 36 38 40 50,11,27/01/2018
79,15 19 24 51 53 55,29,30/01/2018
80,01 07 08 09 39 43,52,01/02/2018
81,12 29 42 48 54 55,18,03/02/2018
82,01 20 29 31 43 53,16,06/02/2018
83,21 22 29 37 41 50,33,08/02/2018
84,08 10 19 25 36 46,07,10/02/2018
85,09 25 26 30 42 54,19,13/02/2018
86,16 22 28 29 35 43,45,17/02/2018
87,01 02 21 24 50 52,33,20/02/2018
88,11 14 32 36 42 48,20,22/02/2018
89,05 07 24 32 45 49,01,24/02/2018
90,08 16 23 28 44 49,45,27/02/2018
91,04 05 07 17 20 38,09,01/03/2018
92,04 10 32 37 47 52,49,03/03/2018
93,02 06 13 22 40 48,12,06/03/2018
94,14 17 18 23 41 52,40,08/03/2018
95,09 20 27 31 48 49,42,10/03/2018
96,01 02 17 46 47 49,44,13/03/2018
97,15 20 23 28 39 49,19,15/03/2018
98,03 14 28 35 50 52,29,17/03/2018
99,11 40 43 46 49 55,37,20/03/2018
100,01 08 24 33 34 41,20,22/03/2018
101,01 30 38 45 48 50,12,24/03/2018
102,09 13 14 15 54 55,22,27/03/2018
103,05 27 35 39 46 52,31,29/03/2018
104,03 07 31 43 51 53,26,31/03/2018
105,20 21 39 42 51 53,01,03/04/2018
106,07 09 17 25 31 32,06,05/04/2018
107,12 24 33 34 36 53,05,07/04/2018
108,01 22 25 31 36 48,41,10/04/2018
109,04 29 35 37 42 54,19,12/04/2018
110,02 10 14 26 45 54,20,14/04/2018
111,02 10 26 27 31 38,39,17/04/2018
112,04 17 19 35 49 55,09,19/04/2018
113,16 18 41 43 46 55,35,21/04/2018
114,17 18 24 40 41 46,06,24/04/2018
115,23 26 29 31 36 54,55,26/04/2018
116,12 19 22 29 32 46,25,28/04/2018
117,01 07 20 23 25 38,14,01/05/2018
118,23 27 33 37 39 49,44,03/05/2018
119,16 32 33 37 40 48,15,05/05/2018
120,03 16 23 24 38 42,48,08/05/2018
121,02 06 08 34 39 43,11,10/05/2018
122,01 09 26 38 54 55,51,12/05/2018
123,03 06 29 37 44 49,24,15/05/2018
124,13 31 38 45 53 55,46,17/05/2018
125,33 35 45 52 53 55,25,19/05/2018
126,04 05 08 17 35 47,39,22/05/2018
127,24 25 26 29 36 48,40,24/05/2018
128,07 12 28 31 40 44,15,26/05/2018
129,09 13 17 18 46 50,26,29/05/2018
130,03 15 18 25 26 29,19,31/05/2018
131,05 07 17 22 32 33,06,02/06/2018
132,11 21 26 32 51 52,05,05/06/2018
133,11 16 18 26 46 47,42,07/06/2018
134,09 23 25 39 52 53,38,09/06/2018
135,04 13 23 27 29 35,14,12/06/2018
136,03 15 32 45 48 54,55,14/06/2018
137,14 15 21 30 44 47,48,16/06/2018
138,16 17 31 37 41 52,34,19/06/2018
139,02 08 19 23 25 33,32,21/06/2018
140,06 08 13 23 46 55,01,23/06/2018
141,17 18 21 39 40 43,03,26/06/2018
142,11 31 33 43 48 51,23,28/06/2018
143,03 12 23 24 30 33,01,30/06/2018
144,30 32 34 47 48 49,50,03/07/2018
145,04 15 22 24 43 51,48,05/07/2018
146,02 30 45 48 49 53,41,07/07/2018
147,06 10 16 20 27 29,24,10/07/2018
148,08 15 18 21 24 49,22,12/07/2018
149,04 19 23 34 38 50,01,14/07/2018
150,05 14 22 27 31 40,48,17/07/2018
151,11 13 28 34 44 47,10,19/07/2018
152,07 31 33 37 46 52,28,21/07/2018
153,11 18 34 37 50 53,20,24/07/2018
154,21 24 33 37 40 46,52,26/07/2018
155,11 16 22 25 30 40,09,28/07/2018
156,01 05 27 31 47 50,41,31/07/2018
157,06 11 16 17 41 55,07,02/08/2018
158,11 12 24 32 41 48,03,04/08/2018
159,03 09 15 20 39 49,04,07/08/2018
160,24 29 32 33 49 55,09,09/08/2018
161,16 17 31 33 42 44,14,11/08/2018
162,29 30 36 38 45 52,46,14/08/2018
163,06 10 34 46 48 51,47,16/08/2018
164,07 33 36 39 51 55,11,18/08/2018
165,09 12 14 23 32 46,31,21/08/2018
166,14 18 27 38 39 53,02,23/08/2018
167,10 11 15 32 40 48,27,25/08/2018
168,02 10 15 31 39 48,23,28/08/2018
169,05 22 28 42 49 54,36,30/08/2018
170,02 08 20 21 28 36,05,01/09/2018
171,08 18 20 29 34 37,51,04/09/2018
172,04 11 15 21 24 27,07,06/09/2018
173,09 11 12 24 35 43,15,08/09/2018
174,13 17 28 42 45 49,50,11/09/2018
175,04 06 07 26 40 44,09,13/09/2018
176,02 05 28 30 46 50,49,15/09/2018
177,08 21 32 43 48 53,38,18/09/2018
178,03 32 35 46 47 49,51,20/09/2018
179,01 08 17 28 40 50,21,22/09/2018
180,02 03 06 13 14 17,09,25/09/2018
181,08 12 29 35 51 54,34,27/09/2018
182,03 07 12 32 34 55,38,29/09/2018
183,03 07 28 32 33 37,22,02/10/2018
184,03 09 12 17 34 42,46,04/10/2018
185,05 06 16 42 48 51,03,06/10/2018
186,10 27 46 50 51 55,01,09/10/2018
187,05 16 17 37 46 49,35,11/10/2018
188,12 21 23 44 47 48,43,13/10/2018
189,05 28 29 34 42 46,17,16/10/2018
190,01 11 22 34 42 47,30,18/10/2018
191,02 05 10 17 35 41,21,20/10/2018
192,01 03 06 13 21 30,36,23/10/2018
193,16 23 29 31 45 48,19,25/10/2018
194,08 09 15 21 44 49,16,27/10/2018
195,01 12 22 27 30 39,46,30/10/2018
196,03 11 15 42 44 54,41,01/11/2018
197,14 17 20 23 25 45,34,03/11/2018
198,19 22 23 43 47 53,03,06/11/2018
199,22 28 31 39 52 53,14,08/11/2018
200,03 05 19 22 29 39,15,10/11/2018
201,03 25 26 32 41 47,05,13/11/2018
202,13 16 21 40 49 52,54,15/11/2018
203,12 22 26 29 45 47,15,17/11/2018
204,09 23 33 40 44 49,17,20/11/2018
205,17 22 24 28 37 44,06,22/11/2018
206,03 10 11 25 40 54,17,24/11/2018
207,03 05 23 28 35 44,08,27/11/2018
208,10 23 27 42 51 52,20,29/11/2018
209,03 05 12 20 25 33,41,01/12/2018
210,10 13 16 23 30 49,24,04/12/2018
211,09 13 23 27 39 42,49,06/12/2018
212,03 06 09 31 48 54,53,08/12/2018
213,01 05 11 37 39 44,31,11/12/2018
214,02 11 14 36 49 55,53,13/12/2018
215,14 17 49 52 53 55,12,15/12/2018
216,01 09 15 17 25 26,08,18/12/2018
217,08 17 24 33 34 44,55,20/12/2018
218,03 08 16 35 39 52,29,22/12/2018
219,03 09 17 21 23 51,15,25/12/2018
220,05 20 33 42 43 50,40,27/12/2018
221,08 36 42 43 50 52,30,29/12/2018
222,02 19 21 27 37 46,12,01/01/2019
223,23 31 37 45 49 54,18,03/01/2019
224,10 11 38 47 53 55,51,05/01/2019
225,03 05 09 11 45 48,40,08/01/2019
226,12 22 31 35 40 47,08,10/01/2019
227,07 13 14 26 42 54,11,12/01/2019
228,04 06 13 22 29 30,52,15/01/2019
229,13 14 22 34 35 55,54,17/01/2019
230,13 29 42 46 51 53,36,19/01/2019
231,01 14 22 40 52 55,21,22/01/2019
232,31 35 38 44 49 55,24,24/01/2019
233,20 27 33 43 53 54,48,26/01/2019
234,15 20 26 41 45 55,10,29/01/2019
235,10 19 20 28 34 44,29,31/01/2019
236,11 23 27 35 36 46,37,02/02/2019
237,20 27 28 32 47 50,41,07/02/2019
238,02 14 15 44 46 50,18,09/02/2019
239,01 12 17 34 48 49,47,12/02/2019
240,08 15 26 41 43 53,46,14/02/2019
241,05 08 14 28 37 40,41,16/02/2019
242,12 18 22 29 32 52,51,19/02/2019
243,03 10 11 15 29 34,50,21/02/2019
244,16 19 30 39 43 52,21,23/02/2019
245,08 09 16 34 42 43,45,26/02/2019
246,04 15 19 34 40 42,49,28/02/2019
247,01 02 03 20 46 48,31,02/03/2019
248,01 15 23 51 53 55,26,05/03/2019
249,02 14 20 33 41 47,27,07/03/2019
250,18 24 31 34 35 44,52,09/03/2019
251,09 16 26 34 44 49,19,12/03/2019
252,18 21 25 35 44 53,04,14/03/2019
253,10 18 22 24 35 40,53,16/03/2019
254,08 28 32 35 40 45,34,19/03/2019
255,07 18 32 42 46 53,28,21/03/2019
256,03 09 30 41 46 52,22,23/03/2019
257,15 19 28 40 44 48,14,26/03/2019
258,03 23 37 43 44 49,27,28/03/2019
259,03 15 18 35 50 54,32,30/03/2019
260,01 04 09 20 22 26,48,02/04/2019
261,16 26 29 38 47 51,13,04/04/2019
262,01 20 30 41 46 50,48,06/04/2019
263,10 14 19 36 48 49,03,09/04/2019
264,01 08 31 32 37 55,53,11/04/2019
265,09 13 20 21 36 43,32,13/04/2019
266,16 29 32 33 52 53,05,16/04/2019
267,07 08 15 24 26 48,10,18/04/2019
268,08 10 12 24 40 44,51,20/04/2019
269,20 21 22 31 43 45,30,23/04/2019
270,16 22 23 33 36 38,45,25/04/2019
271,01 11 22 26 33 51,04,27/04/2019
272,03 05 13 40 41 45,52,30/04/2019
273,02 10 16 17 33 36,20,02/05/2019
274,02 03 26 53 17 01,50,04/05/2019
275,03 06 07 08 09 49,24,07/05/2019
276,19 21 48 49 54 55,27,09/05/2019
277,06 11 20 22 26 28,36,11/05/2019
278,06 11 15 21 30 40,10,14/05/2019
279,08 28 30 33 40 43,24,16/05/2019
280,06 10 13 18 29 38,53,18/05/2019
281,11 12 29 31 37 53,41,21/05/2019
282,13 21 33 42 53 55,44,23/05/2019
283,04 12 35 44 50 55,19,25/05/2019
284,15 22 31 32 33 37,51,28/05/2019
285,17 31 33 34 37 40,35,30/05/2019
286,10 24 31 41 42 47,20,01/06/2019
287,18 20 24 26 33 41,55,04/06/2019
288,10 13 30 36 51 54,16,06/06/2019
289,02 08 10 23 27 35,47,08/06/2019
290,02 05 13 20 30 49,35,11/06/2019
291,06 09 15 22 29 53,25,13/06/2019
292,13 23 40 45 52 55,09,15/06/2019
293,24 31 45 46 47 54,04,18/06/2019
294,09 15 23 41 49 51,52,20/06/2019
295,01 09 23 28 42 54,49,22/06/2019
296,03 14 34 35 40 49,23,25/06/2019
297,09 29 32 44 49 53,05,27/06/2019
298,06 10 19 31 34 43,37,29/06/2019
299,02 09 33 45 52 54,01,02/07/2019
300,04 05 14 46 52 54,03,04/07/2019
301,05 29 36 39 46 53,48,06/07/2019
302,04 17 25 40 42 51,02,09/07/2019
303,06 09 15 26 35 38,34,11/07/2019
304,05 23 29 45 50 52,01,13/07/2019
305,04 12 19 31 33 40,51,16/07/2019
306,04 24 29 31 39 41,38,18/07/2019
307,15 18 25 32 42 52,10,20/07/2019
308,05 10 21 32 39 52,41,23/07/2019
309,03 31 34 41 52 53,16,25/07/2019
310,02 03 25 33 44 50,17,27/07/2019
311,03 08 12 21 32 51,07,30/07/2019
312,01 18 39 45 48 49,26,01/08/2019
313,13 24 25 26 27 30,04,03/08/2019
314,09 11 19 20 26 42,17,06/08/2019
315,01 06 17 18 21 41,22,08/08/2019
316,07 17 36 42 43 50,44,10/08/2019
317,04 08 16 27 32 40,23,13/08/2019
318,19 25 31 32 39 47,08,15/08/2019
319,09 11 24 26 38 53,41,17/08/2019
320,10 30 38 48 54 55,46,20/08/2019
321,04 07 16 17 30 39,27,22/08/2019
322,19 20 34 40 49 51,01,24/08/2019
323,16 22 29 33 46 47,55,27/08/2019
324,10 11 12 23 27 48,09,29/08/2019
325,13 20 23 32 51 52,42,31/08/2019
326,13 14 29 35 41 55,25,03/09/2019
327,20 24 27 30 33 45,21,05/09/2019
328,07 17 31 35 38 46,16,07/09/2019
329,06 09 19 39 50 54,37,10/09/2019
330,18 29 32 33 45 49,40,12/09/2019
331,10 36 42 44 45 54,14,14/09/2019
332,03 14 26 38 43 47,10,17/09/2019
333,02 08 22 34 39 41,13,19/09/2019
334,02 05 23 30 42 45,34,21/09/2019
335,12 33 39 40 48 53,35,24/09/2019
336,07 12 38 43 51 55,15,26/09/2019
337,04 08 21 23 40 43,44,28/09/2019
338,05 22 38 41 47 49,29,01/10/2019
339,04 07 08 26 37 44,29,03/10/2019
340,10 29 30 31 37 51,50,05/10/2019
341,08 36 39 43 48 50,40,08/10/2019
342,04 17 42 51 53 55,29,10/10/2019
343,21 39 48 51 53 55,05,12/10/2019
344,09 12 29 46 48 53,03,15/10/2019
345,05 11 14 34 51 53,16,17/10/2019
346,01 10 21 26 42 43,25,19/10/2019
347,02 16 26 27 36 40,31,22/10/2019
348,09 14 23 41 45 50,13,24/10/2019
349,18 20 22 50 51 53,35,26/10/2019
350,12 15 16 31 43 55,11,29/10/2019
351,18 19 22 37 47 48,46,31/10/2019
352,02 15 34 35 48 50,32,02/11/2019
353,03 06 16 17 44 50,28,05/11/2019
354,01 12 19 37 44 52,18,07/11/2019
355,01 03 06 25 29 41,12,09/11/2019
356,10 17 24 27 36 39,33,12/11/2019
357,09 12 16 36 41 55,35,14/11/2019
358,06 08 18 22 49 52,10,16/11/2019
359,19 21 33 35 38 40,04,19/11/2019
360,21 24 35 38 42 47,34,21/11/2019
361,07 29 30 45 50 55,15,23/11/2019
362,07 19 38 41 42 47,04,26/11/2019
363,01 18 26 28 53 55,14,28/11/2019
364,08 09 10 32 44 50,15,30/11/2019
365,21 29 36 41 50 52,42,03/12/2019
366,09 11 16 27 35 40,51,05/12/2019
367,07 18 38 42 47 51,08,07/12/2019
368,05 20 33 42 43 49,26,10/12/2019
369,01 09 15 42 49 50,48,12/12/2019
370,03 30 33 34 40 47,26,14/12/2019
371,04 05 14 19 22 37,43,17/12/2019
372,18 22 25 28 29 34,50,19/12/2019
373,05 08 20 34 37 42,51,21/12/2019
374,03 16 30 34 50 55,48,24/12/2019
375,05 06 12 18 23 54,26,26/12/2019
376,10 17 26 28 29 32,21,28/12/2019
377,02 22 26 28 44 55,27,31/12/2019
378,12 14 26 29 33 40,50,02/01/2020
379,04 14 26 42 44 55,48,04/01/2020
380,08 11 16 22 42 54,13,07/01/2020
381,17 20 21 29 52 54,51,09/01/2020
382,08 11 17 19 25 47,53,11/01/2020
383,03 04 17 39 50 51,53,14/01/2020
384,10 11 26 33 44 46,55,16/01/2020
385,13 18 19 23 32 43,11,18/01/2020
386,14 31 45 47 52 54,13,21/01/2020
387,09 15 18 25 31 49,46,23/01/2020
388,01 20 24 33 40 55,46,28/01/2020
389,12 18 28 30 47 50,41,30/01/2020
390,02 03 11 23 35 54,06,01/02/2020
391,06 10 20 47 52 55,46,04/02/2020
392,13 18 34 36 45 49,37,06/02/2020
393,09 12 19 25 41 54,38,08/02/2020
394,04 14 18 21 32 53,02,11/02/2020
395,25 28 32 34 35 39,07,13/02/2020
396,26 36 37 38 42 49,46,15/02/2020
397,27 32 36 37 47 48,50,18/02/2020
398,01 03 20 33 36 51,49,20/02/2020
399,07 24 32 49 51 54,44,22/02/2020
400,05 13 21 36 39 48,06,25/02/2020
401,03 11 21 29 47 55,50,27/02/2020
402,09 17 23 26 51 54,32,29/02/2020
403,14 15 31 40 43 49,12,03/03/2020
404,08 09 34 40 41 54,13,05/03/2020
405,05 11 21 30 40 48,20,07/03/2020
406,23 25 30 36 45 52,53,10/03/2020
407,02 14 19 24 27 34,48,12/03/2020
408,12 20 25 38 39 40,37,14/03/2020
409,01 14 18 43 49 50,08,17/03/2020
410,03 35 41 42 43 49,31,19/03/2020
411,10 12 14 17 29 53,25,21/03/2020
412,03 09 20 21 33 52,50,24/03/2020
413,07 08 11 31 35 36,45,26/03/2020
414,01 10 11 13 27 55,19,28/03/2020
415,12 19 40 41 43 53,23,31/03/2020
416,04 18 24 30 53 55,13,25/04/2020
417,04 06 10 16 30 46,34,28/04/2020
418,12 31 32 33 39 41,14,30/04/2020
419,02 06 09 16 43 53,19,02/05/2020
420,01 04 13 15 18 20,22,05/05/2020
421,09 19 28 30 32 54,22,07/05/2020
422,18 19 30 39 45 46,11,09/05/2020
423,01 08 25 34 38 44,28,12/05/2020
424,07 23 29 47 51 55,12,14/05/2020
425,19 35 38 49 52 55,01,16/05/2020
426,05 15 16 19 49 55,03,19/05/2020
427,02 15 22 25 30 46,10,21/05/2020
428,04 13 27 47 50 55,31,23/05/2020
429,11 12 23 24 34 47,43,26/05/2020
430,01 04 08 21 44 49,52,28/05/2020
431,12 13 41 42 48 53,20,30/05/2020
432,04 19 31 42 48 55,22,02/06/2020
433,06 12 16 34 39 54,19,04/06/2020
434,08 12 24 32 35 51,21,06/06/2020
435,01 03 08 22 42 48,44,09/06/2020
436,03 21 25 32 35 52,34,11/06/2020
437,07 09 11 30 43 53,10,13/06/2020
438,02 15 16 23 33 54,45,16/06/2020
439,05 18 27 45 50 54,09,18/06/2020
440,05 09 33 43 44 50,46,20/06/2020
441,02 18 28 46 52 54,19,23/06/2020
442,09 10 12 19 27 40,55,25/06/2020
443,02 06 38 47 50 53,14,27/06/2020
444,05 11 18 19 20 21,52,30/06/2020
445,04 10 20 38 48 53,05,02/07/2020
446,03 09 10 18 29 45,36,04/07/2020
447,07 24 32 35 48 50,01,07/07/2020
448,03 10 11 17 26 54,21,09/07/2020
449,03 04 06 14 20 38,35,11/07/2020
450,05 22 32 34 43 51,12,14/07/2020
451,02 05 11 20 24 32,06,16/07/2020
452,03 13 22 28 30 53,16,18/07/2020
453,06 14 31 37 38 44,04,21/07/2020
454,04 12 31 47 49 52,02,23/07/2020
455,02 19 21 34 54 55,24,25/07/2020
456,03 11 20 34 44 54,16,28/07/2020
457,06 07 16 26 29 54,04,30/07/2020
458,13 18 29 30 40 47,04,01/08/2020
459,10 15 20 21 32 51,08,04/08/2020
460,02 05 21 24 26 27,11,06/08/2020
461,03 12 24 26 36 43,08,08/08/2020
462,02 12 33 39 52 53,44,11/08/2020
463,03 25 28 44 49 54,19,13/08/2020
464,01 11 29 30 41 51,04,15/08/2020
465,22 41 44 46 51 52,02,18/08/2020
466,14 18 28 32 33 36,41,20/08/2020
467,01 20 24 26 35 51,12,22/08/2020
468,21 35 36 38 44 47,14,25/08/2020
469,01 04 14 28 35 53,02,29/08/2020
470,11 22 24 47 49 53,03,01/09/2020
471,07 09 18 22 35 54,50,03/09/2020
472,09 12 19 22 31 46,20,05/09/2020
473,22 47 48 52 53 55,14,08/09/2020
474,18 25 27 37 45 50,52,10/09/2020
475,20 21 24 30 31 44,40,12/09/2020
476,13 14 15 17 26 53,21,15/09/2020
477,01 05 28 43 44 53,49,17/09/2020
478,04 07 08 29 31 41,38,19/09/2020
479,05 08 15 18 36 45,06,22/09/2020
480,12 28 41 42 52 53,50,24/09/2020
481,07 10 13 15 40 48,01,26/09/2020
482,01 06 07 13 30 55,34,29/09/2020
483,03 06 07 19 38 54,50,01/10/2020
484,12 14 22 23 39 44,28,03/10/2020
485,11 14 29 32 33 40,35,06/10/2020
486,10 18 20 21 26 51,52,08/10/2020
487,05 10 47 50 53 54,22,10/10/2020
488,12 19 28 29 52 53,20,13/10/2020
489,08 38 41 47 50 52,45,15/10/2020
490,03 14 25 37 49 54,53,17/10/2020
491,08 33 38 47 49 54,31,20/10/2020
492,02 03 12 21 24 38,14,22/10/2020
493,12 21 22 27 41 50,34,24/10/2020
494,03 31 33 36 38 39,08,27/10/2020
495,09 11 14 16 21 23,54,29/10/2020
496,08 18 19 20 43 54,50,31/10/2020
497,02 22 27 46 48 52,23,03/11/2020
498,01 02 06 18 34 51,52,05/11/2020
499,12 28 30 33 45 52,15,07/11/2020
500,02 05 19 39 48 53,06,10/11/2020
501,04 20 22 25 43 47,12,12/11/2020
502,05 11 15 34 44 48,35,14/11/2020
503,06 17 27 34 36 51,48,17/11/2020
504,12 15 23 28 45 48,43,19/11/2020
505,08 14 19 20 49 51,28,21/11/2020
506,04 07 19 20 22 53,23,24/11/2020
507,18 19 29 31 36 52,50,26/11/2020
508,01 20 36 44 45 49,52,28/11/2020
509,06 10 12 24 34 43,15,01/12/2020
510,05 19 32 41 42 45,17,03/12/2020
511,10 28 29 30 37 38,36,05/12/2020
512,02 17 32 33 38 45,37,08/12/2020
513,03 31 34 36 44 54,45,10/12/2020
514,03 14 32 36 41 46,54,12/12/2020
515,10 11 13 35 38 49,14,15/12/2020
516,15 25 27 35 40 48,45,17/12/2020
517,14 20 32 34 37 49,31,19/12/2020
518,10 11 16 29 35 38,03,22/12/2020
519,11 19 34 41 44 48,43,24/12/2020
520,01 24 33 41 43 51,48,26/12/2020
521,04 08 11 15 17 41,23,29/12/2020
522,02 15 25 27 37 51,53,31/12/2020
523,07 19 23 26 35 45,11,02/01/2021
524,05 07 09 22 42 54,47,05/01/2021
525,07 11 22 38 48 51,53,07/01/2021
526,10 19 24 29 46 48,05,09/01/2021
527,19 23 29 34 44 53,35,12/01/2021
528,01 04 42 44 46 50,09,14/01/2021
529,13 15 28 29 32 44,49,16/01/2021
530,05 22 25 43 48 53,18,19/01/2021
531,09 20 22 31 47 52,18,21/01/2021
532,12 31 39 41 45 55,34,23/01/2021
533,07 16 32 42 44 47,35,26/01/2021
534,03 04 16 34 40 55,02,28/01/2021
535,02 07 17 18 21 29,19,30/01/2021
536,04 13 31 36 40 54,30,02/02/2021
537,28 43 44 50 51 53,13,04/02/2021
538,06 22 32 33 35 53,12,06/02/2021
539,15 20 21 29 31 41,34,09/02/2021
540,03 11 14 31 34 42,24,13/02/2021
541,04 10 11 21 23 44,50,16/02/2021
542,02 05 10 22 26 47,53,18/02/2021
543,01 02 04 32 34 39,20,20/02/2021
544,16 19 21 23 30 48,06,23/02/2021
545,09 19 32 40 45 51,01,25/02/2021
546,06 11 24 30 50 52,22,27/02/2021
547,23 29 45 46 49 51,01,02/03/2021
548,02 09 21 23 33 41,45,04/03/2021
549,18 24 34 39 46 55,04,06/03/2021
550,15 18 29 35 47 54,20,09/03/2021
551,04 05 12 25 43 44,27,11/03/2021
552,07 19 20 23 36 55,09,13/03/2021
553,03 31 45 46 49 54,40,16/03/2021
554,17 24 38 41 46 54,51,18/03/2021
555,16 18 20 25 35 36,17,20/03/2021
556,09 13 17 33 34 53,31,23/03/2021
557,19 20 24 29 36 39,22,25/03/2021
558,05 11 17 20 26 37,12,27/03/2021
559,02 11 17 19 47 51,22,30/03/2021
560,13 18 24 34 38 54,08,01/04/2021
561,02 04 34 38 41 55,19,03/04/2021
562,27 33 34 38 46 48,05,06/04/2021
563,08 11 16 22 28 30,45,08/04/2021
564,12 13 16 17 27 47,49,10/04/2021
565,25 33 39 45 49 55,36,13/04/2021
566,05 08 27 42 47 51,36,15/04/2021
567,04 15 16 29 42 46,36,17/04/2021
568,18 25 38 43 47 51,11,20/04/2021
569,05 11 17 25 39 48,22,22/04/2021
570,01 04 05 21 25 44,45,24/04/2021
571,03 09 22 26 32 37,41,27/04/2021
572,03 09 23 33 42 44,50,29/04/2021
573,03 07 14 22 41 42,10,01/05/2021
574,07 24 45 48 49 53,14,04/05/2021
575,15 19 24 31 44 53,32,06/05/2021
576,14 23 26 37 42 51,40,08/05/2021
577,01 14 41 44 46 53,48,11/05/2021
578,13 24 25 35 39 41,29,13/05/2021
579,01 05 06 13 23 27,46,15/05/2021
580,06 07 22 32 38 47,27,18/05/2021
581,07 10 12 19 42 54,24,20/05/2021
582,15 27 37 45 46 52,31,22/05/2021
583,06 10 33 35 36 43,08,25/05/2021
584,03 07 18 22 40 46,14,27/05/2021
585,02 11 31 37 43 55,14,29/05/2021
586,06 12 14 27 43 45,38,01/06/2021
587,04 08 21 24 26 47,43,03/06/2021
588,14 22 25 39 41 52,17,05/06/2021
589,16 28 33 41 42 54,12,08/06/2021
590,11 22 24 27 43 54,45,10/06/2021
591,04 16 17 20 27 44,30,12/06/2021
592,11 18 21 22 30 55,35,15/06/2021
593,18 23 38 41 44 55,40,17/06/2021
594,01 03 07 13 28 45,33,19/06/2021
595,03 09 32 33 41 43,40,22/06/2021
596,03 16 17 24 41 44,37,24/06/2021
597,06 16 17 20 49 52,27,26/06/2021
598,05 14 24 36 44 55,48,29/06/2021
599,04 15 28 30 49 52,55,01/07/2021
600,04 25 30 38 50 55,53,03/07/2021
601,17 20 22 24 30 54,51,06/07/2021
602,03 32 34 42 44 54,35,08/07/2021
603,07 08 17 37 47 48,27,10/07/2021
604,05 11 18 27 34 43,42,13/07/2021
605,03 04 12 16 30 50,20,15/07/2021
606,02 07 11 21 31 42,45,17/07/2021
607,02 08 11 13 17 26,53,20/07/2021
608,02 20 24 39 46 53,55,22/07/2021
609,05 09 12 20 43 51,13,19/08/2021
610,22 24 27 37 38 48,14,21/08/2021
611,02 04 07 18 30 35,20,24/08/2021
612,11 13 20 51 53 55,04,26/08/2021
613,10 16 26 27 34 48,51,28/08/2021
614,07 20 37 47 51 53,05,31/08/2021
615,01 08 12 26 28 45,43,02/09/2021
616,11 12 32 42 43 51,31,04/09/2021
617,19 30 35 43 47 55,12,07/09/2021
618,06 08 10 23 39 44,43,09/09/2021
619,08 17 20 36 39 44,30,11/09/2021
620,17 22 30 40 43 44,41,14/09/2021
621,10 16 40 43 45 46,22,16/09/2021
622,03 14 15 21 47 52,54,18/09/2021
623,15 24 25 40 42 50,49,21/09/2021
624,06 07 21 25 27 49,26,23/09/2021
625,07 20 27 43 48 51,37,25/09/2021
626,07 22 25 40 49 50,37,28/09/2021
627,18 23 26 32 46 49,54,30/09/2021
628,05 06 22 26 49 51,32,02/10/2021
629,11 16 17 19 38 43,24,05/10/2021
630,06 15 21 24 45 55,46,07/10/2021
631,01 22 25 38 39 54,19,09/10/2021
632,14 17 31 33 42 50,40,12/10/2021
633,09 21 24 30 41 44,40,14/10/2021
634,09 17 22 28 50 55,07,16/10/2021
635,03 09 25 29 46 50,18,19/10/2021
636,03 19 32 36 41 51,35,21/10/2021
637,05 11 19 26 28 33,09,23/10/2021
638,21 24 29 34 39 53,20,26/10/2021
639,02 04 06 13 31 35,16,28/10/2021
640,31 36 40 44 50 53,11,30/10/2021
641,37 38 42 46 47 55,23,02/11/2021
642,05 10 15 31 32 50,28,04/11/2021
643,23 31 41 48 49 51,03,06/11/2021
644,12 25 26 47 51 53,16,09/11/2021
645,03 35 37 41 45 49,31,11/11/2021
646,18 22 29 33 46 48,37,13/11/2021
647,08 19 27 34 46 51,02,16/11/2021
648,18 30 32 37 39 40,10,18/11/2021
649,06 10 29 30 31 51,35,20/11/2021
650,05 07 09 28 38 55,50,23/11/2021
651,16 18 24 29 33 41,43,25/11/2021
652,02 05 07 21 31 37,44,27/11/2021
653,12 21 23 28 33 46,38,30/11/2021
654,06 23 28 31 44 48,14,02/12/2021
655,07 09 31 32 36 49,37,04/12/2021
656,04 06 22 32 34 53,41,07/12/2021
657,03 14 33 40 41 50,17,09/12/2021
658,08 13 17 22 42 51,45,11/12/2021
659,10 16 19 24 39 50,29,14/12/2021
660,19 24 30 41 43 49,55,16/12/2021
661,04 06 19 26 38 41,16,18/12/2021
662,23 25 28 49 52 54,44,21/12/2021
663,08 22 29 43 45 54,23,23/12/2021
664,06 08 23 25 33 35,27,25/12/2021
665,03 08 09 40 44 48,02,28/12/2021
666,09 25 27 32 37 46,23,30/12/2021
667,04 25 28 32 33 55,03,01/01/2022
668,11 17 22 28 39 49,43,04/01/2022
669,04 08 14 21 30 49,38,06/01/2022
670,06 17 37 41 48 50,13,08/01/2022
671,12 25 26 28 33 46,22,11/01/2022
672,07 12 17 26 37 46,28,13/01/2022
673,20 26 41 46 47 48,18,15/01/2022
674,06 15 16 33 41 43,51,18/01/2022
675,08 21 32 34 41 46,48,20/01/2022
676,02 06 16 29 37 42,22,22/01/2022
677,02 16 17 20 31 51,50,25/01/2022
678,01 26 31 36 40 46,28,27/01/2022
679,06 10 17 23 25 38,21,29/01/2022
680,13 18 22 35 42 43,03,03/02/2022
681,01 17 23 29 44 45,37,05/02/2022
682,12 15 21 28 32 40,43,08/02/2022
683,03 15 26 35 43 52,07,10/02/2022
684,04 08 12 42 44 51,41,12/02/2022
685,05 07 14 24 29 36,46,15/02/2022
686,05 24 40 42 46 54,03,17/02/2022
687,01 11 14 33 46 48,40,19/02/2022
688,09 16 19 23 25 39,04,22/02/2022
689,02 15 25 30 31 32,13,24/02/2022
690,05 08 30 36 49 51,18,26/02/2022
691,15 19 25 42 51 53,02,01/03/2022
692,04 10 16 25 26 43,52,03/03/2022
693,05 12 15 25 43 48,01,05/03/2022
694,03 23 25 39 47 48,55,08/03/2022
695,01 03 08 16 19 36,41,10/03/2022
696,12 16 18 26 30 45,36,12/03/2022
697,06 14 24 28 33 52,50,15/03/2022
698,01 06 12 21 37 49,53,17/03/2022
699,08 20 24 37 51 55,27,19/03/2022
700,01 14 18 28 47 49,22,22/03/2022
701,05 09 16 35 45 46,44,24/03/2022
702,01 06 16 30 34 55,29,26/03/2022
703,05 11 32 35 40 52,31,29/03/2022
704,05 24 34 39 42 49,16,31/03/2022
705,32 38 42 44 47 55,46,02/04/2022
706,05 18 26 36 43 44,45,05/04/2022
707,06 14 15 25 29 32,41,07/04/2022
708,02 03 19 28 42 45,12,09/04/2022
709,11 18 20 22 25 40,05,12/04/2022
710,01 05 09 34 37 45,52,14/04/2022
711,04 08 39 41 53 55,52,16/04/2022
712,02 07 13 28 29 34,39,19/04/2022
713,21 24 27 34 38 42,46,21/04/2022
714,03 27 36 41 49 55,18,23/04/2022
715,14 22 24 25 43 49,17,26/04/2022
716,08 24 25 32 37 44,03,28/04/2022
717,11 23 51 52 53 54,27,30/04/2022
718,01 22 38 48 49 53,42,03/05/2022
719,27 29 33 39 47 53,55,05/05/2022
720,15 32 33 36 43 46,31,07/05/2022
721,12 18 41 43 47 51,10,10/05/2022
722,09 18 24 43 44 50,15,12/05/2022
723,02 28 30 43 44 55,22,14/05/2022
724,11 17 25 29 45 48,53,17/05/2022
725,03 06 31 40 47 54,08,19/05/2022
726,19 32 38 40 45 48,02,21/05/2022
727,18 31 32 46 50 52,28,24/05/2022
728,04 30 32 39 41 53,42,26/05/2022
729,33 36 38 42 43 46,03,28/05/2022
730,04 10 15 16 47 51,23,31/05/2022
731,07 11 28 30 33 50,49,02/06/2022
732,03 17 27 30 34 49,25,04/06/2022
733,16 17 21 28 39 50,19,07/06/2022
734,30 31 35 43 48 50,22,09/06/2022
735,10 18 23 25 45 47,38,11/06/2022
736,02 15 26 32 35 36,16,14/06/2022
737,09 13 21 40 51 54,04,16/06/2022
738,06 27 43 44 45 47,33,18/06/2022
739,09 13 19 21 34 51,35,21/06/2022
740,10 22 23 34 46 54,27,23/06/2022
741,14 17 31 35 37 40,28,25/06/2022
742,05 22 30 32 38 55,33,28/06/2022
743,05 11 15 19 29 31,35,30/06/2022
744,06 26 39 40 46 47,02,02/07/2022
745,05 07 12 26 29 44,38,05/07/2022
746,18 24 32 43 48 55,15,07/07/2022
747,05 21 24 47 52 55,20,09/07/2022
748,12 13 24 25 39 41,09,12/07/2022
749,11 25 29 37 39 52,45,14/07/2022
750,06 13 18 27 34 46,33,16/07/2022
751,08 09 33 34 35 52,36,19/07/2022
752,02 20 33 45 51 55,01,21/07/2022
753,27 28 29 39 40 54,13,23/07/2022
754,05 08 09 13 14 47,53,26/07/2022
755,05 06 17 28 29 39,34,28/07/2022
756,01 04 24 35 44 47,17,30/07/2022
757,02 05 28 40 47 48,31,02/08/2022
758,08 09 20 41 48 54,02,04/08/2022
759,06 21 27 41 51 53,43,06/08/2022
760,09 10 36 41 51 55,52,09/08/2022
761,01 12 21 34 48 55,50,11/08/2022
762,19 28 29 30 33 36,14,13/08/2022
763,17 18 28 47 50 53,11,16/08/2022
764,23 27 31 37 38 42,26,18/08/2022
765,06 16 29 32 42 51,43,20/08/2022
766,13 21 31 41 44 45,27,23/08/2022
767,19 30 35 40 49 53,42,25/08/2022
768,01 05 07 10 25 48,36,27/08/2022
769,02 13 19 29 30 32,16,30/08/2022
770,04 14 18 39 50 53,31,01/09/2022
771,11 22 31 33 40 46,41,03/09/2022
772,01 05 27 43 52 54,15,06/09/2022
773,09 13 23 32 36 52,43,08/09/2022
774,02 08 15 19 35 38,14,10/09/2022
775,09 10 21 40 41 48,54,13/09/2022
776,03 08 19 30 41 52,09,15/09/2022
777,05 08 19 34 40 49,39,17/09/2022
778,08 27 32 43 53 54,45,20/09/2022
779,12 14 19 29 44 47,26,22/09/2022
780,01 04 05 17 42 47,09,24/09/2022
781,11 13 23 27 37 43,34,27/09/2022
782,15 32 33 37 42 54,28,29/09/2022
783,14 15 16 22 23 29,20,01/10/2022
784,05 11 12 22 43 45,42,04/10/2022
785,06 08 19 20 47 53,07,06/10/2022
786,11 17 23 34 41 51,40,08/10/2022
787,11 26 34 40 46 52,01,11/10/2022
788,12 13 43 48 51 52,15,13/10/2022
789,08 15 16 39 45 51,23,15/10/2022
790,06 30 36 39 44 46,49,18/10/2022
791,15 21 27 34 37 53,29,20/10/2022
792,17 19 35 42 51 52,34,22/10/2022
793,08 18 20 22 42 46,01,25/10/2022
794,01 07 10 17 19 30,53,27/10/2022
795,01 03 10 13 15 20,32,29/10/2022
796,03 09 20 23 31 54,55,01/11/2022
797,08 13 24 28 29 33,49,03/11/2022
798,10 19 22 25 47 53,52,05/11/2022
799,12 27 33 44 48 50,18,08/11/2022
800,08 11 14 27 38 45,21,10/11/2022
801,08 18 23 30 35 42,43,12/11/2022
802,04 20 26 36 47 51,33,15/11/2022
803,01 19 25 27 38 42,54,17/11/2022
804,03 15 22 39 46 48,43,19/11/2022
805,03 09 21 22 26 35,15,22/11/2022
806,04 06 18 27 52 53,10,24/11/2022
807,08 23 24 48 49 52,01,26/11/2022
808,02 13 16 18 41 42,19,29/11/2022
809,11 14 29 31 52 54,07,01/12/2022
810,16 17 27 48 52 53,24,03/12/2022
811,01 11 25 44 45 46,35,06/12/2022
812,06 30 36 41 49 55,20,08/12/2022
813,02 12 13 18 33 44,31,10/12/2022
814,10 22 31 37 41 52,20,13/12/2022
815,02 25 38 50 51 55,21,15/12/2022
816,01 02 29 34 41 42,09,17/12/2022
817,02 06 09 20 31 35,42,20/12/2022
818,14 26 35 43 45 48,03,22/12/2022
819,05 19 22 23 30 44,52,24/12/2022
820,11 12 13 14 23 55,27,27/12/2022
821,06 08 33 37 38 51,48,29/12/2022
822,10 15 36 42 45 52,20,31/12/2022
823,09 13 24 43 47 48,18,03/01/2023
824,05 12 34 37 47 49,28,05/01/2023
825,03 04 09 15 33 54,16,07/01/2023
826,05 12 14 19 46 51,36,10/01/2023
827,05 14 37 45 47 55,25,12/01/2023
828,05 17 24 30 43 53,26,14/01/2023
829,01 09 20 36 44 50,40,17/01/2023
830,03 21 32 33 38 52,30,19/01/2023
831,03 05 10 12 29 30,09,24/01/2023
832,08 15 18 20 33 41,14,26/01/2023
833,09 22 23 29 38 47,33,28/01/2023
834,10 11 31 32 38 52,05,31/01/2023
835,03 10 23 29 34 53,11,02/02/2023
836,02 06 08 27 41 46,20,04/02/2023
837,06 27 29 32 39 52,09,07/02/2023
838,01 10 29 30 49 50,09,09/02/2023
839,04 13 45 48 52 54,05,11/02/2023
840,01 09 33 37 43 45,23,14/02/2023
841,01 05 07 08 20 22,33,16/02/2023
842,11 23 26 29 43 50,05,18/02/2023
843,04 12 15 21 30 44,05,21/02/2023
844,12 16 29 31 39 48,40,23/02/2023
845,01 02 14 21 38 51,50,25/02/2023
846,02 13 14 30 43 55,22,28/02/2023
847,01 03 23 24 43 48,31,02/03/2023
848,09 13 23 36 38 54,21,04/03/2023
849,08 22 25 27 39 50,28,07/03/2023
850,12 22 28 34 53 54,40,09/03/2023
851,13 23 25 30 35 44,08,11/03/2023
852,14 15 18 20 27 35,31,14/03/2023
853,06 23 34 48 50 55,02,16/03/2023
854,18 24 32 33 51 53,36,18/03/2023
855,07 17 31 43 45 49,52,21/03/2023
856,04 07 22 33 40 49,39,23/03/2023
857,17 18 28 40 49 54,16,25/03/2023
858,06 21 24 41 50 53,13,28/03/2023
859,06 11 14 21 30 32,22,30/03/2023
860,12 34 39 44 49 55,14,01/04/2023
861,13 28 41 42 47 51,09,04/04/2023
862,07 10 12 33 52 54,16,06/04/2023
863,17 33 36 46 50 52,40,08/04/2023
864,10 14 16 18 37 49,54,11/04/2023
865,22 26 28 37 39 48,15,13/04/2023
866,01 34 35 36 42 43,05,15/04/2023
867,17 18 30 40 51 55,50,18/04/2023
868,07 11 32 35 42 51,46,20/04/2023
869,09 18 23 24 48 52,10,22/04/2023
870,06 10 19 23 25 28,45,25/04/2023
871,08 28 38 39 41 45,54,27/04/2023
872,02 09 12 24 41 53,35,29/04/2023
873,04 11 18 25 33 45,21,02/05/2023
874,13 30 32 35 45 52,29,04/05/2023
875,01 11 22 28 34 42,10,06/05/2023
876,07 09 13 22 44 47,39,09/05/2023
877,01 03 19 33 34 51,17,11/05/2023
878,22 24 35 43 45 54,50,13/05/2023
879,19 24 30 34 40 44,51,16/05/2023
880,13 14 21 23 30 41,49,18/05/2023
881,01 14 21 36 48 53,44,20/05/2023
882,26 27 35 36 47 54,40,23/05/2023
883,15 16 19 31 33 46,07,25/05/2023
884,04 06 08 18 39 43,28,27/05/2023
885,01 14 24 28 40 46,34,30/05/2023
886,03 18 40 41 46 47,36,01/06/2023
887,23 28 29 36 38 41,07,03/06/2023
888,01 14 23 27 44 50,43,06/06/2023
889,03 36 38 43 51 53,02,08/06/2023
890,10 17 27 32 35 41,54,10/06/2023
891,04 14 18 27 47 50,33,13/06/2023
892,10 11 25 39 46 55,40,15/06/2023
893,07 13 23 34 38 40,55,17/06/2023
894,07 23 26 31 35 53,32,20/06/2023
895,02 11 14 35 43 51,55,22/06/2023
896,08 09 16 20 50 53,03,24/06/2023
897,02 12 15 16 27 28,47,27/06/2023
898,01 11 12 28 46 54,40,29/06/2023
899,13 33 36 38 45 50,25,01/07/2023
900,04 13 14 23 33 50,41,04/07/2023
901,07 12 29 39 46 55,01,06/07/2023
902,08 11 23 43 44 48,41,08/07/2023
903,24 40 44 46 47 49,05,11/07/2023
904,03 04 30 34 36 49,08,13/07/2023
905,02 16 31 37 38 48,36,15/07/2023
906,10 11 19 28 42 47,16,18/07/2023
907,05 34 36 38 47 50,26,20/07/2023
908,09 15 23 25 27 34,41,22/07/2023
909,12 23 42 44 51 52,03,25/07/2023
910,03 11 13 31 33 45,27,27/07/2023
911,16 23 25 26 29 40,32,29/07/2023
912,04 18 22 25 33 48,02,01/08/2023
913,03 12 22 25 37 39,07,03/08/2023
914,22 34 40 47 49 51,44,05/08/2023
915,05 06 19 20 40 45,47,08/08/2023
916,04 14 31 42 47 49,43,10/08/2023
917,13 24 39 43 45 52,08,12/08/2023
918,05 12 25 39 40 53,52,15/08/2023
919,01 05 25 32 51 52,54,17/08/2023
920,07 09 13 22 27 42,23,19/08/2023
921,02 03 06 34 35 36,31,22/08/2023
922,01 10 20 41 42 50,39,24/08/2023
923,05 08 24 38 50 51,47,26/08/2023
924,01 08 20 25 35 53,54,29/08/2023
925,23 33 37 43 45 46,29,31/08/2023
926,12 15 32 44 46 51,48,02/09/2023
927,02 06 19 29 34 48,39,05/09/2023
928,01 04 36 42 45 54,32,07/09/2023
929,13 20 32 37 43 49,40,09/09/2023
930,26 31 32 39 45 55,28,12/09/2023
931,06 10 20 22 50 52,34,14/09/2023
932,25 27 42 51 54 55,45,16/09/2023
933,17 29 35 40 51 52,23,19/09/2023
934,16 26 33 34 41 43,53,21/09/2023
935,20 27 36 43 45 47,35,23/09/2023
936,14 20 24 27 41 44,23,26/09/2023
937,04 23 36 45 47 50,22,28/09/2023
938,03 13 19 30 38 44,51,30/09/2023
939,03 15 27 29 37 48,55,03/10/2023
940,01 21 33 46 47 53,09,05/10/2023
941,04 13 36 40 43 52,34,07/10/2023
942,06 23 26 37 44 46,33,10/10/2023
943,05 08 09 20 36 50,35,12/10/2023
944,08 23 30 34 38 47,10,14/10/2023
945,13 22 33 41 46 47,09,17/10/2023
946,01 23 29 37 51 55,54,19/10/2023
947,11 16 24 34 47 52,15,21/10/2023
948,12 20 26 33 40 44,24,24/10/2023
949,14 22 32 37 43 48,42,26/10/2023
950,11 14 25 44 46 47,10,28/10/2023
951,10 16 17 28 37 42,43,31/10/2023
952,09 15 17 21 26 36,13,02/11/2023
953,14 35 37 47 48 50,43,04/11/2023
954,12 18 20 28 35 52,25,07/11/2023
955,08 17 24 34 39 48,44,09/11/2023
956,02 03 04 19 41 42,23,11/11/2023
957,04 09 12 15 22 38,40,14/11/2023
958,03 05 10 18 44 49,28,16/11/2023
959,01 07 10 14 28 29,02,18/11/2023
960,03 07 16 37 39 51,09,21/11/2023
961,04 06 26 33 52 55,15,23/11/2023
962,07 09 10 17 25 53,49,25/11/2023
963,10 24 47 48 52 55,28,28/11/2023
964,09 13 21 28 50 54,51,30/11/2023
965,01 10 20 37 48 51,54,02/12/2023
966,02 04 19 32 35 39,49,05/12/2023
967,09 13 28 33 50 53,47,07/12/2023
968,06 09 26 27 34 47,41,09/12/2023
969,06 07 16 21 34 50,31,12/12/2023
970,01 12 23 43 48 52,30,14/12/2023
971,13 15 21 26 34 35,45,16/12/2023
972,11 14 15 24 34 53,18,19/12/2023
973,09 31 39 41 47 48,03,21/12/2023
974,22 32 39 46 48 49,43,23/12/2023
975,10 14 17 27 29 40,25,26/12/2023
976,20 28 30 40 45 52,32,28/12/2023
977,09 17 29 32 38 52,02,30/12/2023
978,02 05 18 31 37 45,20,02/01/2024
979,07 34 37 43 52 54,28,04/01/2024
980,15 17 21 24 34 46,11,06/01/2024
981,16 32 45 50 52 53,54,09/01/2024
982,02 23 32 44 51 52,28,11/01/2024
983,01 05 07 23 35 42,21,13/01/2024
984,09 14 18 20 27 43,42,16/01/2024
985,12 20 33 38 40 52,35,18/01/2024
986,06 25 29 34 49 54,38,20/01/2024
987,13 27 32 48 49 51,23,23/01/2024
988,13 17 35 38 42 48,07,25/01/2024
989,06 12 38 41 46 55,13,27/01/2024
990,03 10 13 40 49 52,09,30/01/2024
991,02 07 10 22 32 40,39,01/02/2024
992,04 06 07 13 18 26,49,03/02/2024
993,08 19 27 34 46 51,24,06/02/2024
994,22 31 35 36 38 42,11,08/02/2024
995,08 17 22 31 34 49,18,13/02/2024
996,03 07 08 18 21 26,19,15/02/2024
997,08 12 17 27 38 55,47,17/02/2024
998,34 46 50 51 52 55,05,20/02/2024
999,08 19 24 31 35 55,01,22/02/2024
1000,01 03 22 27 38 40,26,24/02/2024
1001,01 04 06 08 24 35,53,27/02/2024
1002,04 11 20 38 52 53,33,29/02/2024
1003,01 19 21 31 50 55,37,02/03/2024
1004,12 19 21 23 28 54,31,05/03/2024
1005,13 20 33 47 53 54,19,07/03/2024
1006,11 13 22 36 46 49,37,09/03/2024
1007,11 14 18 20 22 43,16,12/03/2024
1008,21 25 26 29 41 51,39,14/03/2024
1009,08 36 42 43 44 55,54,16/03/2024
1010,06 25 39 45 46 55,26,19/03/2024
1011,12 13 41 48 49 53,43,21/03/2024
1012,03 10 13 30 40 52,04,23/03/2024
1013,01 08 13 16 38 44,47,26/03/2024
1014,01 07 18 26 38 49,21,28/03/2024
1015,14 17 27 38 54 55,23,30/03/2024
1016,01 12 18 20 51 52,37,02/04/2024
1017,03 08 12 25 47 48,15,04/04/2024
1018,09 13 20 30 39 54,23,06/04/2024
1019,04 12 27 44 46 51,22,09/04/2024
1020,03 06 15 25 33 43,55,11/04/2024
1021,29 36 37 38 40 42,46,13/04/2024
1022,03 05 32 40 46 50,37,16/04/2024
1023,01 21 23 33 43 54,28,18/04/2024
1024,02 06 35 43 45 47,14,20/04/2024
1025,01 34 39 40 49 53,09,23/04/2024
1026,13 19 27 38 41 54,46,25/04/2024
1027,07 12 38 43 48 55,08,27/04/2024
1028,13 16 26 46 49 54,08,30/04/2024
1029,30 32 33 36 42 48,18,02/05/2024
1030,05 27 35 45 49 55,18,04/05/2024
1031,21 26 35 41 44 52,13,07/05/2024
1032,03 16 21 36 37 40,31,09/05/2024
1033,19 23 25 43 46 54,42,11/05/2024
1034,05 17 36 40 46 50,01,14/05/2024
1035,20 25 27 39 45 55,44,16/05/2024
1036,12 18 20 25 27 52,44,18/05/2024
1037,01 02 14 32 33 41,04,21/05/2024
1038,08 12 42 47 51 52,36,23/05/2024
1039,15 22 38 39 43 53,20,25/05/2024
1040,01 25 29 37 40 54,50,28/05/2024
1041,04 07 08 12 23 31,45,30/05/2024
1042,06 24 30 31 47 49,01,01/06/2024
1043,01 02 07 10 13 19,24,04/06/2024
1044,18 26 38 39 47 51,55,06/06/2024
1045,13 16 32 33 35 43,42,08/06/2024
1046,13 16 21 30 32 39,53,11/06/2024
1047,08 39 45 47 49 51,16,13/06/2024
1048,05 10 14 20 26 51,36,15/06/2024
1049,20 23 27 36 38 44,52,18/06/2024
1050,01 10 29 34 43 55,49,20/06/2024
1051,17 25 31 35 41 42,36,22/06/2024
1052,01 05 09 13 18 27,08,25/06/2024
1053,07 21 22 41 43 46,32,27/06/2024
1054,11 15 32 34 46 48,47,29/06/2024
1055,07 08 50 52 53 54,02,02/07/2024
1056,10 19 20 29 34 41,08,04/07/2024
1057,08 10 12 22 25 55,52,06/07/2024
1058,06 08 09 28 33 53,10,09/07/2024
1059,01 02 11 21 22 23,26,11/07/2024
1060,02 12 13 33 44 52,34,13/07/2024
1061,20 31 34 36 47 52,02,16/07/2024
1062,10 13 28 35 40 42,02,18/07/2024
1063,12 18 32 40 51 53,28,20/07/2024
1064,34 39 40 42 54 55,30,23/07/2024
1065,12 17 21 25 33 40,39,25/07/2024
1066,18 23 25 37 39 40,35,27/07/2024
1067,02 06 22 23 38 51,32,30/07/2024
1068,09 17 21 48 53 55,29,01/08/2024
1069,07 20 34 36 41 46,16,03/08/2024
1070,22 34 44 46 54 55,14,06/08/2024
1071,01 07 42 43 48 51,29,08/08/2024
1072,10 23 32 37 48 55,14,10/08/2024
1073,09 26 40 44 45 50,27,13/08/2024
1074,08 16 20 30 34 43,46,15/08/2024
1075,04 28 35 38 39 45,05,17/08/2024
1076,05 24 26 27 29 54,06,20/08/2024
1077,11 18 20 32 41 46,33,22/08/2024
1078,02 17 20 21 22 23,38,24/08/2024
1079,05 06 29 31 37 48,02,27/08/2024
1080,08 11 21 29 38 55,12,29/08/2024
1081,24 33 38 40 42 51,28,31/08/2024
1082,08 10 11 14 38 48,41,03/09/2024
1083,15 20 23 29 34 46,01,05/09/2024
1084,05 11 20 39 46 53,37,07/09/2024
1085,15 23 37 38 45 49,30,10/09/2024
1086,03 08 31 36 39 47,38,12/09/2024
1087,02 12 25 32 51 54,34,14/09/2024
1088,14 32 34 41 47 54,48,17/09/2024
1089,04 09 22 24 45 54,48,19/09/2024
1090,03 08 09 22 26 55,11,21/09/2024
1091,01 06 11 17 24 31,43,24/09/2024
1092,03 18 29 39 41 49,46,26/09/2024
1093,02 11 13 32 41 48,15,28/09/2024
1094,03 18 22 41 43 44,12,01/10/2024
1095,18 21 34 40 42 53,25,03/10/2024
1096,02 10 17 27 50 52,18,05/10/2024
1097,03 07 14 17 48 50,40,08/10/2024
1098,04 05 06 29 32 44,53,10/10/2024
1099,29 34 35 38 50 51,37,12/10/2024
1100,04 25 41 42 46 52,33,15/10/2024
1101,11 14 15 26 38 41,25,17/10/2024
1102,09 22 31 39 43 51,19,19/10/2024
1103,15 21 23 26 31 43,35,22/10/2024
1104,05 17 31 39 46 53,03,24/10/2024
1105,05 19 27 29 42 47,40,26/10/2024
1106,14 17 19 28 47 51,55,29/10/2024
1107,05 16 20 29 30 31,39,31/10/2024
1108,02 09 19 20 34 54,26,02/11/2024
1109,09 31 36 46 49 54,07,05/11/2024
1110,06 09 33 39 50 51,43,07/11/2024
1111,11 14 24 26 34 51,40,09/11/2024
1112,01 21 29 35 41 45,20,12/11/2024
1113,12 25 37 40 49 52,31,14/11/2024
1114,16 22 33 37 39 51,54,16/11/2024
1115,06 10 17 34 41 48,31,19/11/2024
1116,15 22 31 40 42 51,26,21/11/2024
1117,04 12 25 39 48 51,45,23/11/2024
1118,08 11 16 32 40 43,12,26/11/2024
1119,01 16 24 28 38 53,09,28/11/2024
1120,01 20 24 26 38 41,36,30/11/2024
1121,10 19 33 39 47 54,16,03/12/2024
1122,16 21 29 41 42 47,09,05/12/2024
1123,16 17 22 24 29 37,54,07/12/2024
1124,11 15 26 45 52 55,36,10/12/2024
1125,01 09 12 18 37 44,11,12/12/2024
1126,03 10 19 20 21 24,07,14/12/2024
1127,02 14 27 30 53 54,16,17/12/2024
1128,13 16 32 39 49 51,11,19/12/2024
1129,04 16 29 30 35 51,48,21/12/2024
1130,17 20 27 32 44 51,33,24/12/2024
1131,06 18 33 38 41 48,16,26/12/2024
1132,06 19 36 42 53 55,39,28/12/2024
1133,08 13 29 36 42 43,28,31/12/2024
1134,04 10 18 22 41 45,50,02/01/2025
1135,04 10 30 36 40 53,51,04/01/2025
1136,04 05 09 16 22 39,30,07/01/2025
1137,18 21 31 39 50 53,13,09/01/2025
1138,10 25 26 29 37 46,14,11/01/2025
1139,03 11 12 24 33 40,46,14/01/2025
1140,08 16 34 37 47 50,23,16/01/2025
1141,01 03 26 31 37 41,51,18/01/2025
1142,11 18 22 28 51 52,53,21/01/2025
1143,11 18 22 49 50 51,37,23/01/2025
1144,14 21 40 42 48 51,19,25/01/2025
1145,05 08 24 28 34 52,39,30/01/2025
1146,01 20 34 38 45 47,49,01/02/2025
1147,07 17 29 51 52 55,41,04/02/2025
1148,01 11 31 43 48 54,19,06/02/2025
1149,11 22 28 44 48 49,23,08/02/2025
1150,01 09 18 21 35 40,44,11/02/2025
1151,02 08 23 26 42 47,07,13/02/2025
1152,22 37 38 47 51 55,31,15/02/2025
1153,12 13 30 38 40 47,42,18/02/2025
1154,13 17 20 27 36 54,47,20/02/2025
1155,01 02 07 22 23 46,50,22/02/2025
1156,01 07 11 24 29 30,48,25/02/2025
1157,05 09 21 31 43 53,11,27/02/2025
1158,15 17 34 37 39 45,41,01/03/2025
1159,05 14 27 43 45 53,47,04/03/2025
1160,05 10 21 26 43 51,15,06/03/2025
1161,10 38 41 43 45 48,08,08/03/2025
1162,01 16 18 30 31 44,34,11/03/2025
1163,07 13 21 43 52 53,17,13/03/2025
1164,01 34 39 40 42 50,25,15/03/2025
1165,02 08 29 30 50 55,27,18/03/2025
1166,11 13 24 28 36 41,37,20/03/2025
1167,02 23 42 50 52 54,44,22/03/2025
1168,14 23 29 30 35 40,17,25/03/2025
1169,13 25 32 36 41 53,29,27/03/2025
1170,14 19 21 24 26 48,39,29/03/2025
1171,14 15 29 33 39 47,04,01/04/2025
1172,24 26 34 42 50 51,30,03/04/2025
1173,13 23 29 32 41 42,09,05/04/2025
1174,03 07 34 41 43 53,31,08/04/2025
1175,10 13 36 37 40 43,41,10/04/2025
1176,03 14 19 37 42 55,23,12/04/2025
1177,08 23 24 27 42 49,20,15/04/2025
1178,01 17 20 38 41 52,14,17/04/2025
1179,05 11 15 32 42 49,43,19/04/2025
1180,10 25 37 40 41 48,32,22/04/2025
1181,01 02 15 39 40 47,24,24/04/2025
1182,03 15 16 31 48 52,21,26/04/2025
1183,14 15 18 23 28 33,29,29/04/2025
1184,03 17 19 41 45 50,43,01/05/2025
1185,15 19 21 26 42 47,38,03/05/2025
1186,12 16 25 28 30 39,05,06/05/2025
1187,08 14 29 37 39 50,21,08/05/2025
1188,07 16 19 28 34 51,15,10/05/2025
1189,03 07 24 39 54 55,42,13/05/2025
1190,06 09 13 44 49 54,47,15/05/2025
1191,02 07 26 29 41 50,43,17/05/2025
1192,19 27 44 45 47 52,15,20/05/2025
1193,03 09 14 41 47 55,22,22/05/2025
1194,19 20 27 30 45 55,15,24/05/2025
1195,04 12 18 19 44 48,42,27/05/2025
1196,09 37 42 45 46 50,14,29/05/2025
1197,06 24 41 45 49 55,08,31/05/2025
1198,02 11 14 16 27 38,51,03/06/2025
1199,14 21 33 37 46 49,34,05/06/2025
1200,12 17 21 46 48 52,45,07/06/2025
1201,03 06 21 29 40 41,37,10/06/2025
1202,06 08 16 18 34 44,17,12/06/2025
1203,11 12 22 26 41 47,24,14/06/2025
1204,07 13 18 22 32 44,43,17/06/2025
1205,03 05 09 10 16 47,34,19/06/2025
1206,06 10 15 43 44 53,32,21/06/2025
1207,03 09 18 20 30 53,48,24/06/2025
1208,01 14 16 27 40 51,02,26/06/2025
1209,08 11 13 20 45 50,25,28/06/2025
1210,03 11 12 14 27 33,15,01/07/2025
1211,18 19 29 31 45 54,27,03/07/2025
1212,03 15 22 45 51 55,54,05/07/2025
1213,23 24 32 42 48 50,31,08/07/2025
1214,12 33 34 42 44 53,03,10/07/2025
1215,02 34 39 41 45 52,51,12/07/2025
1216,18 26 31 32 36 48,30,15/07/2025
1217,13 18 33 40 48 53,54,17/07/2025
1218,08 09 20 36 39 44,28,19/07/2025
1219,09 10 15 28 33 44,22,22/07/2025
1220,05 10 24 29 30 34,45,24/07/2025
1221,05 26 28 29 33 54,34,26/07/2025
1222,04 08 23 43 45 51,48,29/07/2025
1223,05 17 31 42 46 49,37,31/07/2025
1224,12 24 29 33 34 35,47,02/08/2025
1225,08 41 45 51 52 53,31,05/08/2025
1226,06 24 31 32 39 48,52,07/08/2025
1227,05 09 16 36 43 51,19,09/08/2025
1228,01 06 24 37 40 55,10,12/08/2025
1229,06 10 17 18 32 35,53,14/08/2025
1230,14 23 32 36 47 48,05,16/08/2025
1231,01 14 31 34 36 47,45,19/08/2025
1232,05 09 17 35 40 41,44,21/08/2025
1233,01 09 26 34 44 50,52,23/08/2025
1234,22 30 38 44 48 55,05,26/08/2025
1235,06 13 28 30 35 52,50,28/08/2025
1236,02 17 19 24 30 44,34,30/08/2025
1237,09 16 22 25 30 51,43,02/09/2025
1238,09 19 23 42 49 53,40,04/09/2025
1239,09 11 19 22 34 43,31,06/09/2025
1240,16 20 21 31 40 52,02,09/09/2025
1241,06 16 46 49 51 55,42,11/09/2025
1242,02 07 15 18 24 27,45,13/09/2025
1243,17 19 28 39 43 53,33,16/09/2025
1244,02 03 08 27 38 55,20,18/09/2025
1245,08 13 14 19 36 43,30,20/09/2025
1246,08 18 19 34 41 46,38,23/09/2025
1247,05 17 30 31 38 53,08,25/09/2025
1248,08 13 19 24 39 46,01,27/09/2025
1249,17 23 34 39 46 52,08,30/09/2025
1250,01 02 20 24 27 42,43,02/10/2025
1251,22 33 35 36 38 40,07,04/10/2025
1252,19 22 35 37 43 45,29,07/10/2025
1253,07 11 21 22 39 42,40,09/10/2025
1254,03 07 26 43 44 46,25,11/10/2025
1255,08 09 16 26 37 55,12,14/10/2025
1256,14 15 24 26 27 45,36,16/10/2025
1257,05 16 19 21 38 43,50,18/10/2025
1258,03 11 12 14 22 40,41,21/10/2025
1259,08 10 21 48 49 50,40,23/10/2025
1260,03 05 11 13 24 27,45,25/10/2025
1261,06 08 10 22 25 54,09,28/10/2025
1262,20 23 35 41 47 55,37,30/10/2025
1263,07 11 28 29 31 33,08,01/11/2025
1264,15 27 29 31 36 43,38,04/11/2025
1265,16 20 29 33 36 49,06,06/11/2025
1266,14 16 19 22 27 44,18,08/11/2025
1267,11 20 28 41 47 54,31,11/11/2025
1268,01 15 30 38 40 43,13,13/11/2025
1269,02 30 33 35 42 54,45,15/11/2025
1270,07 12 18 22 30 49,05,18/11/2025
1271,03 12 19 20 31 42,13,20/11/2025
1272,08 10 19 29 34 46,14,22/11/2025
1273,23 31 32 42 46 48,04,25/11/2025
1274,04 05 10 11 28 35,38,27/11/2025
1275,04 20 24 27 40 48,09,29/11/2025
1276,16 20 24 36 51 54,10,02/12/2025
1277,10 29 32 33 44 53,14,04/12/2025
1278,12 26 34 37 50 52,15,06/12/2025
1279,14 21 26 27 31 43,42,09/12/2025
1280,09 13 21 45 48 55,38,11/12/2025
1281,05 08 12 18 20 38,52,13/12/2025
1282,07 36 37 38 52 55,46,16/12/2025
1283,12 14 29 30 39 55,50,18/12/2025
1284,22 32 33 35 40 41,23,20/12/2025
