Kì	Số 1	Số 2	Số 3	Số 4	Số 5	Số 6	Số Power	Ngày sổ	Giải J1	Giải J2
1	5	10	14	23	24	38	35	01-08-2017	30.528.493.950	3.058.721.550
2	4	9	24	25	27	45	40	03-08-2017	31.024.813.350	3.113.868.150
3	1	5	11	32	40	45	43	05-08-2017	31.903.413.600	3.211.490.400
4	19	36	39	41	46	51	38	08-08-2017	33.415.353.750	3.379.483.750
5	10	11	19	41	50	54	3	10-08-2017	34.588.091.550	3.509.787.950
6	6	16	20	32	38	51	34	12-08-2017	35.666.199.750	3.629.577.750
7	7	11	19	32	33	51	30	15-08-2017	36.713.676.000	3.745.964.000
8	11	12	20	30	32	34	53	17-08-2017	37.754.634.900	3.861.626.100
9	7	11	13	15	26	51	36	19-08-2017	38.842.141.350	3.982.460.150
10	10	24	31	32	38	44	14	22-08-2017	40.231.270.200	4.136.807.800
11	5	16	18	37	42	46	10	24-08-2017	41.355.943.950	4.261.771.550
12	17	25	30	31	36	41	20	26-08-2017	42.705.608.250	4.411.734.250
13	4	12	15	23	24	41	44	29-08-2017	43.925.548.800	4.547.283.200
14	8	20	27	35	36	47	18	31-08-2017	45.086.515.950	4.676.279.550
15	5	9	11	18	19	37	50	02-09-2017	45.743.789.550	4.749.309.950
16	1	2	8	13	23	39	9	05-09-2017	46.972.594.200	4.885.843.800
17	4	18	22	31	32	40	8	07-09-2017	48.190.895.850	5.021.210.650
18	1	15	23	36	43	54	12	09-09-2017	49.441.033.650	5.160.114.850
19	6	10	12	47	48	51	35	12-09-2017	51.063.730.500	5.340.414.500
20	22	23	32	43	44	51	15	14-09-2017	52.263.240.150	5.473.693.350
21	9	12	21	26	29	52	24	16-09-2017	53.177.036.250	5.575.226.250
22	3	32	36	41	44	53	45	19-09-2017	54.239.944.350	5.693.327.150
23	9	12	16	24	43	51	39	21-09-2017	55.150.230.000	5.794.470.000
24	7	8	27	36	44	53	49	23-09-2017	56.305.734.600	3.128.389.400
25	14	15	18	30	36	49	19	26-09-2017	57.928.236.150	3.308.667.350
26	20	27	28	31	39	47	10	28-09-2017	59.174.588.100	3.447.150.900
27	4	17	23	25	34	46	24	30-09-2017	60.155.334.750	3.556.122.750
28	21	31	35	41	46	50	23	03-10-2017	61.575.921.300	3.713.965.700
29	1	3	14	19	35	41	20	05-10-2017	62.814.288.900	3.851.562.100
30	31	34	40	42	43	49	16	07-10-2017	64.573.341.150	4.047.012.350
31	29	33	43	44	45	50	41	10-10-2017	67.375.253.100	4.358.335.900
32	5	8	11	31	37	42	52	12-10-2017	69.615.950.250	4.607.302.250
33	14	18	29	35	44	49	54	14-10-2017	72.079.404.600	4.881.019.400
34	1	26	36	40	50	54	31	17-10-2017	74.830.295.100	5.186.673.900
35	6	15	17	24	40	45	39	19-10-2017	77.375.046.900	5.469.424.100
36	4	9	13	16	18	49	30	21-10-2017	80.027.540.400	5.764.145.600
37	1	2	9	13	32	35	52	24-10-2017	81.820.687.350	3.199.238.550
38	2	10	15	30	34	50	3	26-10-2017	83.506.415.700	3.187.303.150
39	13	18	35	36	41	48	47	28-10-2017	85.047.387.150	3.358.522.200
40	7	13	24	45	47	52	33	31-10-2017	87.445.250.850	3.624.951.500
41	3	9	12	21	51	52	7	02-11-2017	90.407.671.050	3.954.109.300
42	2	8	12	44	46	52	9	04-11-2017	93.461.623.500	4.293.437.350
43	19	32	36	37	42	54	28	07-11-2017	97.091.932.800	4.696.805.050
44	2	3	6	23	34	36	50	09-11-2017	100.817.638.950	5.110.772.400
45	12	26	33	35	36	44	1	11-11-2017	102.765.805.950	3.216.463.000
46	20	24	29	41	47	49	22	14-11-2017	106.310.523.450	3.610.320.500
47	1	16	22	25	47	48	21	16-11-2017	108.584.968.350	3.252.716.100
48	11	12	26	42	50	54	17	18-11-2017	111.901.309.500	3.621.198.450
49	5	8	23	37	38	54	55	21-11-2017	114.313.083.150	3.267.974.850
50	1	2	3	18	25	50	14	23-11-2017	117.975.638.100	3.674.925.400
51	2	9	16	46	52	55	50	25-11-2017	120.250.718.850	3.252.786.750
52	2	19	39	49	51	53	20	28-11-2017	124.208.597.100	3.692.551.000
53	5	13	26	37	53	55	28	30-11-2017	126.430.993.200	3.246.932.900
54	9	37	45	50	53	54	40	02-12-2017	130.389.001.500	3.686.711.600
55	27	38	40	42	46	55	5	05-12-2017	135.897.635.550	4.298.782.050
56	3	14	26	35	44	54	25	07-12-2017	139.974.556.350	4.751.773.250
57	5	34	35	42	49	52	21	09-12-2017	142.613.607.000	3.293.227.850
58	6	7	8	21	32	39	27	12-12-2017	145.563.767.850	3.327.795.650
59	11	12	22	28	46	50	7	14-12-2017	150.431.996.550	3.868.709.950
60	5	23	37	41	43	53	25	16-12-2017	155.267.929.650	4.406.035.850
61	2	3	20	25	38	44	12	19-12-2017	161.744.780.550	5.125.685.950
62	22	23	27	35	37	46	19	21-12-2017	167.473.255.350	5.762.183.150
63	7	8	9	13	28	44	12	23-12-2017	172.865.880.750	6.361.363.750
64	7	11	13	18	26	42	49	26-12-2017	179.085.637.200	7.052.447.800
65	7	18	26	29	31	35	34	28-12-2017	185.756.375.100	7.793.640.900
66	8	9	36	37	39	50	7	30-12-2017	192.764.480.250	8.572.319.250
67	4	7	8	34	37	47	24	02-01-2018	198.519.424.050	3.639.438.200
68	1	7	31	35	46	55	51	04-01-2018	207.385.131.000	4.624.516.750
69	4	11	24	35	41	45	17	06-01-2018	213.511.359.900	3.680.692.100
70	18	25	28	46	50	51	15	09-01-2018	223.764.257.100	4.819.902.900
71	4	7	30	35	37	45	1	11-01-2018	229.877.713.200	3.679.272.900
72	3	21	25	26	51	55	37	13-01-2018	236.891.603.100	3.779.321.100
73	6	27	33	41	42	49	22	16-01-2018	247.416.944.250	4.948.803.450
74	12	24	28	30	36	39	15	18-01-2018	256.090.121.850	5.912.489.850
75	2	7	15	16	41	45	19	20-01-2018	262.085.240.100	3.666.124.250
76	3	10	15	23	41	53	35	23-01-2018	271.952.211.000	4.762.454.350
77	1	10	30	44	45	50	4	25-01-2018	281.341.050.600	5.805.658.750
78	21	26	36	38	40	50	11	27-01-2018	290.823.421.800	6.859.255.550
79	15	19	24	51	53	55	29	30-01-2018	300.000.000.000	10.505.465.350
80	1	7	8	9	39	43	52	01-02-2018	306.891.445.800	3.765.716.200
81	12	29	42	48	54	55	18	03-02-2018	300.000.000.000	23.238.831.500
82	1	20	29	31	43	53	16	06-02-2018	300.000.000.000	13.248.804.500
83	21	22	29	37	41	50	33	08-02-2018	307.756.203.150	3.861.800.350
84	8	10	19	25	36	46	7	10-02-2018	300.000.000.000	22.350.630.500
85	9	25	26	30	42	54	19	13-02-2018	307.948.444.500	3.883.160.500
86	16	22	28	29	35	43	45	17-02-2018	316.828.524.450	4.869.836.050
87	1	2	21	24	50	52	33	20-02-2018	324.942.454.200	5.771.383.800
88	11	14	32	36	42	48	20	22-02-2018	300.000.000.000	40.973.178.500
89	5	7	24	32	45	49	1	24-02-2018	305.600.910.600	3.622.323.400
90	8	16	23	28	44	49	45	27-02-2018	315.871.733.550	4.763.525.950
91	4	5	7	17	20	38	9	01-03-2018	323.797.375.200	5.644.152.800
92	4	10	32	37	47	52	49	03-03-2018	332.230.461.150	6.581.162.350
93	2	6	13	22	40	48	12	06-03-2018	342.197.962.500	7.688.662.500
94	14	17	18	23	41	52	40	08-03-2018	350.981.591.250	8.664.621.250
95	9	20	27	31	48	49	42	10-03-2018	300.000.000.000	70.013.824.500
96	1	2	17	46	47	49	44	13-03-2018	306.583.901.400	3.731.544.600
97	15	20	23	28	39	49	19	15-03-2018	314.502.409.200	4.611.378.800
98	3	14	28	35	50	52	29	17-03-2018	321.738.459.600	5.415.384.400
99	11	40	43	46	49	55	37	20-03-2018	300.000.000.000	37.377.430.000
100	1	8	24	33	34	41	20	22-03-2018	304.515.142.950	3.501.682.550
101	1	30	38	45	48	50	12	24-03-2018	311.943.369.900	4.327.041.100
102	9	13	14	15	54	55	22	27-03-2018	300.000.000.000	25.040.212.000
103	5	27	35	39	46	52	31	29-03-2018	300.000.000.000	7.207.922.000
104	3	7	31	43	51	53	26	31-03-2018	303.276.464.400	3.364.051.600
105	20	21	39	42	51	53	1	03-04-2018	311.346.404.850	4.260.711.650
106	7	9	17	25	31	32	6	05-04-2018	317.878.643.550	4.986.515.950
107	12	24	33	34	36	53	5	07-04-2018	324.541.622.100	5.726.846.900
108	1	22	25	31	36	48	41	10-04-2018	333.842.446.200	6.760.271.800
109	4	29	35	37	42	54	19	12-04-2018	341.100.719.850	7.566.746.650
110	2	10	14	26	45	54	20	14-04-2018	348.542.745.600	8.393.638.400
111	2	10	26	27	31	38	39	17-04-2018	300.000.000.000	66.969.623.500
112	4	17	19	35	49	55	9	19-04-2018	300.000.000.000	7.032.403.500
113	16	18	41	43	46	55	35	21-04-2018	300.000.000.000	7.716.697.000
114	17	18	24	40	41	46	6	24-04-2018	305.150.984.400	3.572.331.600
115	23	26	29	31	36	54	55	26-04-2018	311.383.703.550	4.264.855.950
116	12	19	22	29	32	46	25	28-04-2018	317.750.310.300	4.972.256.700
117	1	7	20	23	25	38	14	01-05-2018	323.711.172.750	5.634.574.750
118	23	27	33	37	39	49	44	03-05-2018	300.000.000.000	36.846.222.000
119	16	32	33	37	40	48	15	05-05-2018	303.899.669.850	3.433.296.650
120	3	16	23	24	38	42	48	08-05-2018	31.688.034.150	3.620.856.000
121	2	6	8	34	39	43	11	10-05-2018	33.632.951.700	3.836.957.950
122	1	9	26	38	54	55	51	12-05-2018	35.643.065.250	4.060.303.900
123	3	6	29	37	44	49	24	15-05-2018	38.071.367.400	4.330.115.250
124	13	31	38	45	53	55	46	17-05-2018	40.161.824.400	3.232.273.000
125	33	35	45	52	53	55	25	19-05-2018	42.114.151.200	3.449.198.200
126	4	5	8	17	35	47	39	22-05-2018	31.780.304.400	3.647.009.800
127	24	25	26	29	36	48	40	24-05-2018	33.284.469.900	3.167.129.500
128	7	12	28	31	40	44	15	26-05-2018	35.144.050.350	3.373.749.550
129	9	13	17	18	46	50	26	29-05-2018	37.041.107.700	3.584.533.700
130	3	15	18	25	26	29	19	31-05-2018	38.730.036.000	3.772.192.400
131	5	7	17	22	32	33	6	02-06-2018	40.421.556.750	3.187.946.750
132	11	21	26	32	51	52	5	05-06-2018	31.656.701.100	3.372.024.650
133	11	16	18	26	46	47	42	07-06-2018	33.451.356.000	3.571.430.750
134	9	23	25	39	52	53	38	09-06-2018	35.057.037.900	3.749.839.850
135	4	13	23	27	29	35	14	12-06-2018	36.793.704.900	3.942.802.850
136	3	15	32	45	48	54	55	14-06-2018	38.662.053.150	4.150.397.100
137	14	15	21	30	44	47	48	16-06-2018	40.558.167.300	3.210.679.350
138	16	17	31	37	41	52	34	19-06-2018	42.685.218.300	3.447.018.350
139	2	8	19	23	25	33	32	21-06-2018	44.151.049.200	3.609.888.450
140	6	8	13	23	46	55	1	23-06-2018	31.562.051.700	3.783.449.750
141	17	18	21	39	40	43	3	26-06-2018	33.230.491.950	3.968.832.000
142	11	31	33	43	48	51	23	28-06-2018	34.769.813.250	3.171.035.700
143	3	12	23	24	30	33	1	30-06-2018	36.351.516.000	3.346.780.450
144	30	32	34	47	48	49	50	03-07-2018	38.162.758.350	3.548.029.600
145	4	15	22	24	43	51	48	05-07-2018	39.908.934.300	3.742.049.150
146	2	30	45	48	49	53	41	07-07-2018	41.690.392.500	3.939.988.950
147	6	10	16	20	27	29	24	10-07-2018	43.270.472.550	3.175.564.450
148	8	15	18	21	24	49	22	12-07-2018	45.034.013.550	3.371.513.450
149	4	19	23	34	38	50	1	14-07-2018	47.012.873.700	3.591.386.800
150	5	14	22	27	31	40	48	17-07-2018	31.660.230.900	3.775.856.900
151	11	13	28	34	44	47	10	19-07-2018	33.072.762.000	3.932.804.800
152	7	31	33	37	46	52	28	21-07-2018	34.751.723.250	4.119.356.050
153	11	18	34	37	50	53	20	24-07-2018	36.779.450.250	4.344.659.050
154	21	24	33	37	40	46	52	26-07-2018	38.113.527.900	4.492.889.900
155	11	16	22	25	30	40	9	28-07-2018	39.828.676.800	4.683.462.000
156	1	5	27	31	47	50	41	31-07-2018	41.892.910.050	3.229.359.250
157	6	11	16	17	41	55	7	02-08-2018	43.671.479.700	3.426.978.100
158	11	12	24	32	41	48	3	04-08-2018	45.513.635.250	3.631.662.050
159	3	9	15	20	39	49	4	07-08-2018	47.175.342.150	3.184.634.100
160	24	29	32	33	49	55	9	09-08-2018	31.059.648.300	3.302.372.800
161	16	17	31	33	42	44	14	11-08-2018	32.194.626.150	3.428.481.450
162	29	30	36	38	45	52	46	14-08-2018	33.702.871.350	3.596.064.250
163	6	10	34	46	48	51	47	16-08-2018	34.965.205.950	3.140.259.400
164	7	33	36	39	51	55	11	18-08-2018	36.370.625.250	3.156.157.700
165	9	12	14	23	32	46	31	21-08-2018	38.068.041.000	3.188.601.750
166	14	18	27	38	39	53	2	23-08-2018	39.404.614.350	3.337.109.900
167	10	11	15	32	40	48	27	25-08-2018	41.260.462.050	3.543.315.200
168	2	10	15	31	39	48	23	28-08-2018	43.233.200.400	3.762.508.350
169	5	22	28	42	49	54	36	30-08-2018	44.848.312.950	3.941.965.300
170	2	8	20	21	28	36	5	01-09-2018	46.296.717.600	4.102.899.150
171	8	18	20	29	34	37	51	04-09-2018	48.210.550.500	4.315.547.250
172	4	11	15	21	24	27	7	06-09-2018	49.962.814.050	4.510.243.200
173	9	11	12	24	35	43	15	08-09-2018	51.566.176.200	4.688.394.550
174	13	17	28	42	45	49	50	11-09-2018	53.696.842.500	4.925.135.250
175	4	6	7	26	40	44	9	13-09-2018	55.368.863.400	5.110.915.350
176	2	5	28	30	46	50	49	15-09-2018	57.372.868.650	5.333.582.600
177	8	21	32	43	48	53	38	18-09-2018	59.535.024.150	3.240.239.500
178	3	32	35	46	47	49	51	20-09-2018	61.507.022.700	3.459.350.450
179	1	8	17	28	40	50	21	22-09-2018	63.494.160.150	3.680.143.500
180	2	3	6	13	14	17	9	25-09-2018	65.331.482.700	3.884.290.450
181	8	12	29	35	51	54	34	27-09-2018	67.249.412.850	3.213.103.350
182	3	7	12	32	34	55	38	29-09-2018	69.155.020.650	3.211.734.200
183	3	7	28	32	33	37	22	02-10-2018	71.233.011.300	3.442.622.050
184	3	9	12	17	34	42	46	04-10-2018	72.901.033.500	3.627.957.850
185	5	6	16	42	48	51	3	06-10-2018	75.218.555.100	3.885.460.250
186	10	27	46	50	51	55	1	09-10-2018	77.724.187.950	4.163.863.900
187	5	16	17	37	46	49	35	11-10-2018	79.704.990.300	4.383.953.050
188	12	21	23	44	47	48	43	13-10-2018	82.070.152.050	4.646.748.800
189	5	28	29	34	42	46	17	16-10-2018	84.650.926.350	4.933.501.500
190	1	11	22	34	42	47	30	18-10-2018	86.856.031.200	3.245.011.650
191	2	5	10	17	35	41	21	20-10-2018	89.122.986.750	3.496.895.600
192	1	3	6	13	21	30	36	23-10-2018	91.712.411.850	3.784.609.500
193	16	23	29	31	45	48	19	25-10-2018	94.362.451.050	4.079.058.300
194	8	9	15	21	44	49	16	27-10-2018	96.756.562.650	4.345.070.700
195	1	12	22	27	30	39	46	30-10-2018	31.358.509.500	4.496.016.200
196	3	11	15	42	44	54	41	01-11-2018	32.839.102.200	4.660.526.500
197	14	17	20	23	25	45	34	03-11-2018	34.340.501.100	4.827.348.600
198	19	22	23	43	47	53	3	06-11-2018	36.334.813.350	5.048.938.850
199	22	28	31	39	52	53	14	08-11-2018	38.020.462.950	5.236.233.250
200	3	5	19	22	29	39	15	10-11-2018	39.307.347.750	3.142.987.200
201	3	25	26	32	41	47	5	13-11-2018	41.305.528.200	3.365.007.250
202	13	16	21	40	49	52	54	15-11-2018	31.465.133.850	3.527.799.900
203	12	22	26	29	45	47	15	17-11-2018	32.831.024.250	3.679.565.500
204	9	23	33	40	44	49	17	20-11-2018	34.256.649.000	3.837.968.250
205	17	22	24	28	37	44	6	22-11-2018	35.575.536.450	3.984.511.300
206	3	10	11	25	40	54	17	24-11-2018	36.820.442.100	3.138.322.850
207	3	5	23	28	35	44	8	27-11-2018	38.191.004.850	3.290.607.600
208	10	23	27	42	51	52	20	29-11-2018	39.994.410.450	3.200.378.400
209	3	5	12	20	25	33	41	01-12-2018	40.936.775.250	3.305.085.600
210	10	13	16	23	30	49	24	04-12-2018	42.768.578.550	3.508.619.300
211	9	13	23	27	39	42	49	06-12-2018	43.892.386.050	3.633.486.800
212	3	6	9	31	48	54	53	08-12-2018	45.711.703.650	3.835.633.200
213	1	5	11	37	39	44	31	11-12-2018	47.620.664.400	4.047.739.950
214	2	11	14	36	49	55	53	13-12-2018	49.539.451.350	4.260.938.500
215	14	17	49	52	53	55	12	15-12-2018	51.693.670.200	4.500.296.150
216	1	9	15	17	25	26	8	18-12-2018	53.457.332.700	3.195.962.500
217	8	17	24	33	34	44	55	20-12-2018	55.116.976.800	3.380.367.400
218	3	8	16	35	39	52	29	22-12-2018	56.763.061.950	3.563.265.750
219	3	9	17	21	23	51	15	25-12-2018	58.562.007.150	3.763.148.550
220	5	20	33	42	43	50	40	27-12-2018	60.350.101.500	3.198.677.150
221	8	36	42	43	50	52	30	29-12-2018	62.343.118.200	3.420.123.450
222	2	19	21	27	37	46	12	01-01-2019	64.464.220.650	3.655.801.500
223	23	31	37	45	49	54	18	03-01-2019	66.387.325.800	3.213.678.350
224	10	11	38	47	53	55	51	05-01-2019	68.530.859.400	3.451.848.750
225	3	5	9	11	45	48	40	08-01-2019	70.875.624.450	3.260.529.450
226	12	22	31	35	40	47	8	10-01-2019	73.202.106.900	3.519.027.500
227	7	13	14	26	42	54	11	12-01-2019	74.780.896.800	3.175.421.100
228	4	6	13	22	29	30	52	15-01-2019	77.234.333.700	3.448.025.200
229	13	14	22	34	35	55	54	17-01-2019	31.343.414.700	3.597.293.500
230	13	29	42	46	51	53	36	19-01-2019	32.903.474.700	3.770.633.500
231	1	14	22	40	52	55	21	22-01-2019	34.615.289.550	3.960.835.150
232	31	35	38	44	49	55	24	24-01-2019	36.240.081.150	4.141.367.550
233	20	27	33	43	53	54	48	26-01-2019	37.689.645.000	4.302.430.200
234	15	20	26	41	45	55	10	29-01-2019	39.668.776.950	4.522.333.750
235	10	19	20	28	34	44	29	31-01-2019	41.293.427.700	4.702.850.500
236	11	23	27	35	36	46	37	02-02-2019	42.935.678.850	4.885.322.850
237	20	27	28	32	47	50	41	07-02-2019	44.397.880.500	5.047.789.700
238	2	14	15	44	46	50	18	09-02-2019	46.036.778.250	5.229.889.450
239	1	12	17	34	48	49	47	12-02-2019	48.334.463.400	5.485.187.800
240	8	15	26	41	43	53	46	14-02-2019	50.622.710.700	5.739.437.500
241	5	8	14	28	37	40	41	16-02-2019	52.474.074.150	5.945.144.550
242	12	18	22	29	32	52	51	19-02-2019	54.466.250.250	6.166.497.450
243	3	10	11	15	29	34	50	21-02-2019	56.212.337.100	6.360.507.100
244	16	19	30	39	43	52	21	23-02-2019	58.168.007.850	3.217.296.750
245	8	9	16	34	42	43	45	26-02-2019	60.260.695.050	3.449.817.550
246	4	15	19	34	40	42	49	28-02-2019	62.151.686.400	3.659.927.700
247	1	2	3	20	46	48	31	02-03-2019	64.196.433.750	3.227.194.150
248	1	15	23	51	53	55	26	05-03-2019	66.291.315.150	3.459.958.750
249	2	14	20	33	41	47	27	07-03-2019	68.424.485.250	3.696.977.650
250	18	24	31	34	35	44	52	09-03-2019	70.408.534.800	3.917.427.600
251	9	16	26	34	44	49	19	12-03-2019	73.048.303.650	3.293.307.650
252	18	21	25	35	44	53	4	14-03-2019	75.457.784.550	3.267.720.100
253	10	18	22	24	35	40	53	16-03-2019	77.924.209.350	3.274.047.200
254	8	28	32	35	40	45	34	19-03-2019	80.316.793.200	3.539.889.850
255	7	18	32	42	46	53	28	21-03-2019	82.774.946.550	3.813.018.000
256	3	9	30	41	46	52	22	23-03-2019	85.400.833.350	4.104.783.200
257	15	19	28	40	44	48	14	26-03-2019	87.855.300.750	4.377.501.800
258	3	23	37	43	44	49	27	28-03-2019	90.282.744.300	3.269.715.950
259	3	15	18	35	50	54	32	30-03-2019	92.936.478.900	3.564.575.350
260	1	4	9	20	22	26	48	02-04-2019	95.702.711.250	3.307.359.150
261	16	26	29	38	47	51	13	04-04-2019	98.312.907.900	3.597.381.000
262	1	20	30	41	46	50	48	06-04-2019	101.454.269.700	3.349.040.200
263	10	14	19	36	48	49	3	09-04-2019	104.660.257.350	3.705.261.050
264	1	8	31	32	37	55	53	11-04-2019	107.805.747.000	3.349.498.850
265	9	13	20	21	36	43	32	13-04-2019	110.883.292.950	3.691.448.400
266	16	29	32	33	52	53	5	16-04-2019	114.222.823.500	4.062.507.350
267	7	8	15	24	26	48	10	18-04-2019	117.272.637.300	4.401.375.550
268	8	10	12	24	40	44	51	20-04-2019	119.957.842.650	4.699.731.700
269	20	21	22	31	43	45	30	23-04-2019	31.616.504.400	3.179.611.600
270	16	22	23	33	36	38	45	25-04-2019	32.860.128.000	3.317.792.000
271	1	11	22	26	33	51	4	27-04-2019	34.252.173.750	3.472.463.750
272	3	5	13	40	41	45	52	30-04-2019	35.412.222.450	3.601.358.050
273	2	10	16	17	33	36	20	02-05-2019	36.699.868.650	3.744.429.850
274	2	3	26	53	17	1	50	04-05-2019	38.166.078.000	3.907.342.000
275	3	6	7	8	9	49	24	07-05-2019	39.120.897.000	3.106.091.000
276	19	21	48	49	54	55	27	09-05-2019	40.648.074.600	3.275.777.400
277	6	11	20	22	26	28	36	11-05-2019	42.030.094.350	3.429.335.150
278	6	11	15	21	30	40	10	14-05-2019	43.647.956.850	3.609.097.650
279	8	28	30	33	40	43	24	16-05-2019	45.292.760.400	3.791.853.600
280	6	10	13	18	29	38	53	18-05-2019	46.636.259.700	3.941.131.300
281	11	12	29	31	37	53	41	21-05-2019	48.503.567.100	4.148.609.900
282	13	21	33	42	53	55	44	23-05-2019	50.248.806.150	4.342.525.350
283	4	12	35	44	50	55	19	25-05-2019	51.772.968.300	4.511.876.700
284	15	22	31	32	33	37	51	28-05-2019	53.501.940.750	3.192.108.050
285	17	31	33	34	37	40	35	30-05-2019	55.166.476.800	3.377.056.500
286	10	24	31	41	42	47	20	01-06-2019	56.962.077.600	3.576.567.700
287	18	20	24	26	33	41	55	04-06-2019	59.020.828.950	3.805.317.850
288	10	13	30	36	51	54	16	06-06-2019	60.811.500.000	4.004.281.300
289	2	8	10	23	27	35	47	08-06-2019	62.484.145.050	4.190.130.750
290	2	5	13	20	30	49	35	11-06-2019	64.349.594.400	4.397.402.900
291	6	9	15	22	29	53	25	13-06-2019	65.946.387.450	3.177.421.450
292	13	23	40	45	52	55	9	15-06-2019	67.915.717.950	3.396.235.950
293	24	31	45	46	47	54	4	18-06-2019	70.095.625.050	3.638.447.850
294	9	15	23	41	49	51	52	20-06-2019	71.915.836.350	3.840.693.550
295	1	9	23	28	42	54	49	22-06-2019	73.896.412.800	4.060.757.600
296	3	14	34	35	40	49	23	25-06-2019	76.160.770.950	4.312.352.950
297	9	29	32	44	49	53	5	27-06-2019	78.122.912.250	4.530.368.650
298	6	10	19	31	34	43	37	29-06-2019	79.909.429.350	3.198.501.900
299	2	9	33	45	52	54	1	02-07-2019	82.181.480.700	3.450.952.050
300	4	5	14	46	52	54	3	04-07-2019	84.311.080.050	3.687.574.200
301	5	29	36	39	46	53	48	06-07-2019	86.460.678.750	3.926.418.500
302	4	17	25	40	42	51	2	09-07-2019	88.891.229.550	4.196.479.700
303	6	9	15	26	35	38	34	11-07-2019	90.442.473.600	4.368.840.150
304	5	23	29	45	50	52	1	13-07-2019	92.278.133.400	3.203.962.200
305	4	12	19	31	33	40	51	16-07-2019	94.600.472.250	3.461.999.850
306	4	24	29	31	39	41	38	18-07-2019	97.303.702.800	3.762.358.800
307	15	18	25	32	42	52	10	20-07-2019	99.612.417.000	4.018.882.600
308	5	10	21	32	39	52	41	23-07-2019	31.304.538.750	3.144.948.750
309	3	31	34	41	52	53	16	25-07-2019	32.670.348.600	3.296.705.400
310	2	3	25	33	44	50	17	27-07-2019	33.976.192.350	3.441.799.150
311	3	8	12	21	32	51	7	30-07-2019	35.273.732.250	3.585.970.250
312	1	18	39	45	48	49	26	01-08-2019	36.751.522.800	3.750.169.200
313	13	24	25	26	27	30	4	03-08-2019	38.078.447.700	3.897.605.300
314	9	11	19	20	26	42	17	06-08-2019	39.293.007.150	4.032.556.350
315	1	6	17	18	21	41	22	08-08-2019	40.878.482.250	3.176.163.900
316	7	17	36	42	43	50	44	10-08-2019	42.504.716.100	3.356.856.550
317	4	8	16	27	32	40	23	13-08-2019	43.839.772.950	3.505.196.200
318	19	25	31	32	39	47	8	15-08-2019	45.290.687.700	3.666.408.950
319	9	11	24	26	38	53	41	17-08-2019	46.901.064.450	3.845.339.700
320	10	30	38	48	54	55	46	20-08-2019	48.546.543.000	4.028.170.650
321	4	7	16	17	30	39	27	22-08-2019	49.866.250.350	4.174.804.800
322	19	20	34	40	49	51	1	24-08-2019	51.577.194.000	3.190.104.850
323	16	22	29	33	46	47	55	27-08-2019	53.375.693.250	3.389.938.100
324	10	11	12	23	27	48	9	29-08-2019	54.916.559.850	3.561.145.500
325	13	20	23	32	51	52	42	31-08-2019	56.692.930.350	3.758.520.000
326	13	14	29	35	41	55	25	03-09-2019	58.394.904.150	3.947.628.200
327	20	24	27	30	33	45	21	05-09-2019	60.028.396.500	4.129.127.350
328	7	17	31	35	38	46	16	07-09-2019	61.549.528.800	4.298.142.050
329	6	9	19	39	50	54	37	10-09-2019	62.861.898.900	4.443.960.950
330	18	29	32	33	45	49	40	12-09-2019	64.475.576.850	3.179.297.550
331	10	36	42	44	45	54	14	14-09-2019	66.202.794.750	3.191.913.100
332	3	14	26	38	43	47	10	17-09-2019	67.885.940.550	3.378.929.300
333	2	8	22	34	39	41	13	19-09-2019	69.277.580.400	3.533.555.950
334	2	5	23	30	42	45	34	21-09-2019	70.806.645.750	3.703.452.100
335	12	33	39	40	48	53	35	24-09-2019	72.724.240.650	3.916.518.200
336	7	12	38	43	51	55	15	26-09-2019	74.541.701.100	4.118.458.250
337	4	8	21	23	40	43	44	28-09-2019	76.640.721.150	4.351.682.700
338	5	22	38	41	47	49	29	01-10-2019	78.968.804.250	4.610.358.600
339	4	7	8	26	37	44	29	03-10-2019	80.834.053.800	3.207.249.950
340	10	29	30	31	37	51	50	05-10-2019	31.371.899.700	3.359.683.250
341	8	36	39	43	48	50	40	08-10-2019	32.751.516.900	3.153.290.800
342	4	17	42	51	53	55	29	10-10-2019	34.070.500.650	3.299.844.550
343	21	39	48	51	53	55	5	12-10-2019	35.556.777.750	3.464.986.450
344	9	12	29	46	48	53	3	15-10-2019	36.880.715.100	3.612.090.600
345	5	11	14	34	51	53	16	17-10-2019	38.474.598.450	3.789.188.750
346	1	10	21	26	42	43	25	19-10-2019	39.917.681.400	3.949.531.300
347	2	16	26	27	36	40	31	22-10-2019	41.541.604.500	4.129.967.200
348	9	14	23	41	45	50	13	24-10-2019	42.764.346.750	4.265.827.450
349	18	20	22	50	51	53	35	26-10-2019	44.324.971.050	4.439.230.150
350	12	15	16	31	43	55	11	29-10-2019	46.241.529.150	4.652.181.050
351	18	19	22	37	47	48	46	31-10-2019	48.060.708.600	4.854.312.100
352	2	15	34	35	48	50	32	02-11-2019	49.723.313.700	5.039.046.000
353	3	6	16	17	44	50	28	05-11-2019	51.547.657.800	5.241.750.900
354	1	12	19	37	44	52	18	07-11-2019	53.142.153.150	3.177.166.150
355	1	3	6	25	29	41	12	09-11-2019	55.018.617.150	3.385.662.150
356	10	17	24	27	36	39	33	12-11-2019	56.779.236.300	3.581.286.500
357	9	12	16	36	41	55	35	14-11-2019	58.593.943.200	3.782.920.600
358	6	8	18	22	49	52	10	16-11-2019	60.416.984.100	3.985.480.700
359	19	21	33	35	38	40	4	19-11-2019	62.562.161.550	4.223.833.750
360	21	24	35	38	42	47	34	21-11-2019	64.726.581.900	4.464.324.900
361	7	29	30	45	50	55	15	23-11-2019	66.837.919.800	4.698.918.000
362	7	19	38	41	42	47	4	26-11-2019	68.962.775.250	1.645.004.350
363	1	18	26	28	53	55	14	28-11-2019	70.845.145.500	3.209.152.250
364	8	9	10	32	44	50	15	30-11-2019	72.655.918.050	3.201.196.950
365	21	29	36	41	50	52	42	03-12-2019	75.051.358.950	3.467.357.050
366	9	11	16	27	35	40	51	05-12-2019	76.939.767.750	3.677.180.250
367	7	18	38	42	47	51	8	07-12-2019	78.697.118.100	3.872.441.400
368	5	20	33	42	43	49	26	10-12-2019	81.294.373.650	4.161.025.350
369	1	9	15	42	49	50	48	12-12-2019	83.862.112.800	4.446.329.700
370	3	30	33	34	40	47	26	14-12-2019	86.361.737.250	4.724.065.750
371	4	5	14	19	22	37	43	17-12-2019	88.681.195.200	3.257.717.550
372	18	22	25	28	29	34	50	19-12-2019	91.007.696.550	3.516.217.700
373	5	8	20	34	37	42	51	21-12-2019	93.381.149.550	3.779.934.700
374	3	16	30	34	50	55	48	24-12-2019	96.266.883.900	4.100.571.850
375	5	6	12	18	23	54	26	26-12-2019	98.509.997.550	3.249.234.850
376	10	17	26	28	29	32	21	28-12-2019	101.245.855.800	3.553.219.100
377	2	22	26	28	44	55	27	31-12-2019	105.104.974.350	3.982.010.050
378	12	14	26	29	33	40	50	02-01-2020	108.639.141.150	4.374.695.250
379	4	14	26	42	44	55	48	04-01-2020	111.099.202.950	4.648.035.450
380	8	11	16	22	42	54	13	07-01-2020	31.673.873.550	4.834.021.400
381	17	20	21	29	52	54	51	09-01-2020	33.409.526.250	5.026.871.700
382	8	11	17	19	25	47	53	11-01-2020	34.734.762.300	5.174.120.150
383	3	4	17	39	50	51	53	14-01-2020	36.634.873.800	5.385.243.650
384	10	11	26	33	44	46	55	16-01-2020	38.298.729.900	5.570.116.550
385	13	18	19	23	32	43	11	18-01-2020	40.085.895.450	5.768.690.500
386	14	31	45	47	52	54	13	21-01-2020	42.441.754.800	6.030.452.650
387	9	15	18	25	31	49	46	23-01-2020	44.100.944.850	3.184.354.450
388	1	20	24	33	40	55	46	28-01-2020	45.952.786.650	3.390.114.650
389	12	18	28	30	47	50	41	30-01-2020	47.938.521.450	3.610.751.850
390	2	3	11	23	35	54	6	01-02-2020	49.743.734.700	3.200.579.250
391	6	10	20	47	52	55	46	04-02-2020	52.092.567.750	3.461.560.700
392	13	18	34	36	45	49	37	06-02-2020	53.881.925.250	3.660.378.200
393	9	12	19	25	41	54	38	08-02-2020	55.406.377.200	3.169.383.550
394	4	14	18	21	32	53	2	11-02-2020	57.387.718.200	3.389.532.550
395	25	28	32	34	35	39	7	13-02-2020	59.497.631.400	3.623.967.350
396	26	36	37	38	42	49	46	15-02-2020	61.707.788.850	3.869.540.400
397	27	32	36	37	47	48	50	18-02-2020	64.111.378.350	4.136.605.900
398	1	3	20	33	36	51	49	20-02-2020	66.299.572.650	4.379.738.600
399	7	24	32	49	51	54	44	22-02-2020	68.557.422.900	4.630.610.850
400	5	13	21	36	39	48	6	25-02-2020	71.004.697.950	4.902.530.300
401	3	11	21	29	47	55	50	27-02-2020	73.148.581.650	5.140.739.600
402	9	17	23	26	51	54	32	29-02-2020	75.711.825.300	5.425.544.450
403	14	15	31	40	43	49	12	03-03-2020	80.559.793.650	5.964.207.600
404	8	9	34	40	41	54	13	05-03-2020	83.145.846.450	3.287.339.200
405	5	11	21	30	40	48	20	07-03-2020	87.411.418.500	3.761.291.650
406	23	25	30	36	45	52	53	10-03-2020	89.968.227.600	3.284.089.900
407	2	14	19	24	27	34	48	12-03-2020	93.827.290.800	3.712.874.700
408	12	20	25	38	39	40	37	14-03-2020	98.660.027.100	4.249.845.400
409	1	14	18	43	49	50	8	17-03-2020	104.401.521.300	4.887.789.200
410	3	35	41	42	43	49	31	19-03-2020	110.372.538.000	5.551.235.500
411	10	12	14	17	29	53	25	21-03-2020	116.918.632.650	6.278.579.350
412	3	9	20	21	33	52	50	24-03-2020	123.683.187.000	7.030.196.500
413	7	8	11	31	35	36	45	26-03-2020	130.391.512.500	7.775.566.000
414	1	10	11	13	27	55	19	28-03-2020	137.578.088.550	8.574.074.450
415	12	19	40	41	43	53	23	31-03-2020	143.369.946.750	3.643.539.800
416	4	18	24	30	53	55	13	25-04-2020	147.103.949.100	3.414.889.150
417	4	6	10	16	30	46	34	28-04-2020	153.880.578.750	4.167.848.001
418	12	31	32	33	39	41	14	30-04-2020	157.535.203.350	3.406.069.400
419	2	6	9	16	43	53	19	02-05-2020	163.627.248.450	4.082.963.300
420	1	4	13	15	18	20	22	05-05-2020	171.117.842.250	4.915.251.500
421	9	19	28	30	32	54	22	07-05-2020	175.919.619.900	3.533.530.850
422	18	19	30	39	45	46	11	09-05-2020	183.593.994.150	4.386.239.100
423	1	8	25	34	38	44	28	12-05-2020	192.141.839.100	5.335.999.650
424	7	23	29	47	51	55	12	14-05-2020	31.171.245.600	5.466.138.050
425	19	35	38	49	52	55	1	16-05-2020	32.685.784.500	5.634.420.150
426	5	15	16	19	49	55	3	19-05-2020	34.151.397.600	5.797.266.050
427	2	15	22	25	30	46	10	21-05-2020	35.786.056.800	5.978.894.850
428	4	13	27	47	50	55	31	23-05-2020	37.457.550.750	6.164.616.400
429	11	12	23	24	34	47	43	26-05-2020	39.110.032.200	6.348.225.450
430	1	4	8	21	44	49	52	28-05-2020	40.722.802.950	6.527.422.200
431	12	13	41	42	48	53	20	30-05-2020	42.364.771.950	6.709.863.200
432	4	19	31	42	48	55	22	02-06-2020	44.372.894.250	6.932.987.900
433	6	12	16	34	39	54	19	04-06-2020	45.728.364.900	7.083.595.750
434	8	12	24	32	35	51	21	06-06-2020	47.236.049.400	7.251.116.250
435	1	3	8	22	42	48	44	09-06-2020	49.186.580.250	3.216.725.650
436	3	21	25	32	35	52	34	11-06-2020	50.713.813.200	3.386.418.200
437	7	9	11	30	43	53	10	13-06-2020	52.151.425.050	3.546.152.850
438	2	15	16	23	33	54	45	16-06-2020	53.852.086.200	3.735.115.200
439	5	18	27	45	50	54	9	18-06-2020	54.952.073.850	3.122.220.850
440	5	9	33	43	44	50	46	20-06-2020	56.914.961.250	3.218.098.600
441	2	18	28	46	52	54	19	23-06-2020	58.805.962.050	3.428.209.800
442	9	10	12	19	27	40	55	25-06-2020	60.472.186.950	3.613.345.900
443	2	6	38	47	50	53	14	27-06-2020	62.496.583.500	3.224.932.950
444	5	11	18	19	20	21	52	30-06-2020	64.312.813.650	3.426.736.300
445	4	10	20	38	48	53	5	02-07-2020	66.366.603.300	3.654.935.150
446	3	9	10	18	29	45	36	04-07-2020	68.149.331.400	3.853.016.050
447	7	24	32	35	48	50	1	07-07-2020	70.362.637.500	3.245.922.900
448	3	10	11	17	26	54	21	09-07-2020	72.401.479.950	3.472.460.950
449	3	4	6	14	20	38	35	11-07-2020	74.543.157.300	3.237.964.150
450	5	22	32	34	43	51	12	14-07-2020	77.917.521.900	3.612.893.550
451	2	5	11	20	24	32	6	16-07-2020	82.008.822.450	4.067.482.500
452	3	13	22	28	30	53	16	18-07-2020	86.441.982.150	4.560.055.800
453	6	14	31	37	38	44	4	21-07-2020	91.825.726.800	5.158.249.650
454	4	12	31	47	49	52	2	23-07-2020	97.175.363.250	5.752.653.700
455	2	19	21	34	54	55	24	25-07-2020	102.347.224.500	6.327.304.950
456	3	11	20	34	44	54	16	28-07-2020	108.125.269.950	6.969.310.000
457	6	7	16	26	29	54	4	30-07-2020	31.179.786.600	3.131.087.400
458	13	18	29	30	40	47	4	01-08-2020	32.664.333.450	3.296.037.050
459	10	15	20	21	32	51	8	04-08-2020	34.160.517.300	3.462.279.700
460	2	5	21	24	26	27	11	06-08-2020	35.484.039.300	3.609.337.700
461	3	12	24	26	36	43	8	08-08-2020	36.344.638.200	3.704.959.800
462	2	12	33	39	52	53	44	11-08-2020	37.842.198.150	3.166.395.550
463	3	25	28	44	49	54	19	13-08-2020	39.086.174.100	3.304.615.100
464	1	11	29	30	41	51	4	15-08-2020	40.602.347.850	3.473.078.850
465	22	41	44	46	51	52	2	18-08-2020	31.594.148.400	3.650.206.450
466	14	18	28	32	33	36	41	20-08-2020	33.007.974.150	3.807.298.200
467	1	20	24	26	35	51	12	22-08-2020	34.552.193.700	3.978.878.150
468	21	35	36	38	44	47	14	25-08-2020	36.268.263.300	4.169.552.550
469	1	4	14	28	35	53	2	29-08-2020	37.860.972.150	4.346.520.200
470	11	22	24	47	49	53	3	01-09-2020	39.735.698.700	3.208.302.950
471	7	9	18	22	35	54	50	03-09-2020	41.084.669.100	3.358.188.550
472	9	12	19	22	31	46	20	05-09-2020	42.646.878.750	3.531.767.400
473	22	47	48	52	53	55	14	08-09-2020	44.505.977.700	3.738.333.950
474	18	25	27	37	45	50	52	10-09-2020	46.002.032.400	3.166.228.300
475	20	21	24	30	31	44	40	12-09-2020	47.710.641.000	3.356.073.700
476	13	14	15	17	26	53	21	15-09-2020	49.600.925.850	3.210.031.650
477	1	5	28	43	44	53	49	17-09-2020	51.498.833.700	3.420.910.300
478	4	7	8	29	31	41	38	19-09-2020	53.115.328.650	3.600.520.850
479	5	8	15	18	36	45	6	22-09-2020	54.648.797.700	3.170.385.450
480	12	28	41	42	52	53	50	24-09-2020	56.419.684.950	3.367.150.700
481	7	10	13	15	40	48	1	26-09-2020	58.170.711.000	3.561.709.150
482	1	6	7	13	30	55	34	29-09-2020	59.665.659.600	3.166.105.400
483	3	6	7	19	38	54	50	01-10-2020	31.064.969.100	3.284.435.300
484	12	14	22	23	39	44	28	03-10-2020	32.504.337.750	3.444.365.150
485	11	14	29	32	33	40	35	06-10-2020	34.116.310.200	3.623.473.200
486	10	18	20	21	26	51	52	08-10-2020	35.567.089.050	3.784.670.850
487	5	10	47	50	53	54	22	10-10-2020	37.248.098.700	3.971.449.700
488	12	19	28	29	52	53	20	13-10-2020	38.731.559.700	3.164.829.000
489	8	38	41	47	50	52	45	15-10-2020	40.405.919.700	3.350.869.000
490	3	14	25	37	49	54	53	17-10-2020	41.911.723.200	3.518.180.500
491	8	33	38	47	49	54	31	20-10-2020	43.877.979.750	3.736.653.450
492	2	3	12	21	24	38	14	22-10-2020	45.421.905.900	3.171.547.350
493	12	21	22	27	41	50	34	24-10-2020	47.360.481.150	3.386.944.600
494	3	31	33	36	38	39	8	27-10-2020	49.181.031.300	3.589.227.950
495	9	11	14	16	21	23	54	29-10-2020	50.690.711.550	3.167.742.250
496	8	18	19	20	43	54	50	31-10-2020	31.074.947.850	3.287.180.900
497	2	22	27	46	48	52	23	03-11-2020	31.591.665.750	3.464.032.650
498	1	2	6	18	34	51	52	05-11-2020	32.835.526.500	3.602.239.400
499	12	28	30	33	45	52	15	07-11-2020	34.338.855.450	3.769.275.950
500	2	5	19	39	48	53	6	10-11-2020	36.119.658.000	3.967.142.900
501	4	20	22	25	43	47	12	12-11-2020	37.909.410.600	4.166.004.300
502	5	11	15	34	44	48	35	14-11-2020	39.485.472.600	3.175.118.000
503	6	17	27	34	36	51	48	17-11-2020	41.486.427.300	3.397.446.300
504	12	15	23	28	45	48	43	19-11-2020	42.989.314.350	3.564.433.750
505	8	14	19	20	49	51	28	21-11-2020	44.600.432.700	3.743.446.900
506	4	7	19	20	22	53	23	24-11-2020	46.305.971.850	3.932.951.250
507	18	19	29	31	36	52	50	26-11-2020	48.189.077.850	4.142.185.250
508	1	20	36	44	45	49	52	28-11-2020	50.218.452.300	4.367.671.300
509	6	10	12	24	34	43	15	01-12-2020	51.943.715.400	4.559.367.200
510	5	19	32	41	42	45	17	03-12-2020	53.773.203.000	3.203.276.400
511	10	28	29	30	37	38	36	05-12-2020	55.474.428.900	3.189.025.100
512	2	17	32	33	38	45	37	08-12-2020	57.898.541.550	3.458.370.950
513	3	31	34	36	44	54	45	10-12-2020	59.943.824.400	3.227.253.650
514	3	14	32	36	41	46	54	12-12-2020	62.117.400.450	3.241.508.450
515	10	11	13	35	38	49	14	15-12-2020	64.462.833.300	3.502.112.100
516	15	25	27	35	40	48	45	17-12-2020	66.665.164.800	3.746.815.600
517	14	20	32	34	37	49	31	19-12-2020	69.054.094.650	4.012.252.250
518	10	11	16	29	35	38	3	22-12-2020	71.329.160.100	4.265.037.300
519	11	19	34	41	44	48	43	24-12-2020	73.684.926.750	3.261.751.850
520	1	24	33	41	43	51	48	26-12-2020	76.465.061.400	3.570.655.700
521	4	8	11	15	17	41	23	29-12-2020	79.249.782.900	3.309.413.500
522	2	15	25	27	37	51	53	31-12-2020	81.778.372.050	3.590.367.850
523	7	19	23	26	35	45	11	02-01-2021	31.214.532.450	3.725.315.900
524	5	7	9	22	42	54	47	05-01-2021	32.887.708.950	3.911.224.400
525	7	11	22	38	48	51	53	07-01-2021	34.330.228.050	3.160.279.900
526	10	19	24	29	46	48	5	09-01-2021	31.590.120.000	3.336.959.900
527	19	23	29	34	44	53	35	12-01-2021	33.350.143.800	3.532.518.100
528	1	4	42	44	46	50	9	14-01-2021	35.114.389.950	3.728.545.450
529	13	15	28	29	32	44	49	16-01-2021	36.663.441.600	3.900.662.300
530	5	22	25	43	48	53	18	19-01-2021	38.752.446.450	4.132.773.950
531	9	20	22	31	47	52	18	21-01-2021	40.652.627.700	4.343.905.200
532	12	31	39	41	45	55	34	23-01-2021	42.744.858.150	4.576.375.250
533	7	16	32	42	44	47	35	26-01-2021	44.953.625.550	4.821.793.850
534	3	4	16	34	40	55	2	28-01-2021	47.149.347.450	5.065.762.950
535	2	7	17	18	21	29	19	30-01-2021	49.303.866.450	5.305.153.950
536	4	13	31	36	40	54	30	02-02-2021	51.862.051.650	5.589.396.750
537	28	43	44	50	51	53	13	04-02-2021	54.561.200.700	5.889.302.200
538	6	22	32	33	35	53	12	06-02-2021	57.142.434.000	6.176.105.900
539	15	20	21	29	31	41	34	09-02-2021	59.715.062.850	3.285.847.650
540	3	11	14	31	34	42	24	13-02-2021	62.441.824.800	3.588.821.200
541	4	10	11	21	23	44	50	16-02-2021	64.678.866.600	3.837.381.400
542	2	5	10	22	26	47	53	18-02-2021	67.282.911.300	4.126.719.700
543	1	2	4	32	34	39	20	20-02-2021	70.245.519.600	3.329.178.700
544	16	19	21	23	30	48	6	23-02-2021	73.652.565.000	3.707.739.300
545	9	19	32	40	45	51	1	25-02-2021	76.449.418.500	4.018.500.800
546	6	11	24	30	50	52	22	27-02-2021	79.232.699.100	4.327.754.200
547	23	29	45	46	49	51	1	02-03-2021	82.776.283.500	4.721.485.800
548	2	9	21	23	33	41	45	04-03-2021	85.415.028.150	5.014.679.650
549	18	24	34	39	46	55	4	06-03-2021	89.006.712.600	5.413.755.700
550	15	18	29	35	47	54	20	09-03-2021	92.543.076.300	5.806.685.000
551	4	5	12	25	43	44	27	11-03-2021	95.157.557.400	6.097.182.900
552	7	19	20	23	36	55	9	13-03-2021	98.550.537.600	6.474.180.700
553	3	31	45	46	49	54	40	16-03-2021	103.455.782.400	7.019.207.900
554	17	24	38	41	46	54	51	18-03-2021	108.239.519.100	7.550.734.200
555	16	18	20	25	35	36	17	20-03-2021	113.097.886.500	8.090.552.800
556	9	13	17	33	34	53	31	23-03-2021	117.790.059.900	8.611.905.400
557	19	20	24	29	36	39	22	25-03-2021	121.944.966.150	9.073.561.650
558	5	11	17	20	26	37	12	27-03-2021	126.215.215.950	9.548.033.850
559	2	11	17	19	47	51	22	30-03-2021	131.422.869.300	3.578.628.150
560	13	18	24	34	38	54	8	01-04-2021	136.404.173.550	3.553.478.250
561	2	4	34	38	41	55	19	03-04-2021	141.891.526.200	3.609.705.850
562	27	33	34	38	46	48	5	06-04-2021	32.069.373.600	3.839.636.250
563	8	11	16	22	28	30	45	08-04-2021	33.504.099.600	3.999.050.250
564	12	13	16	17	27	47	49	10-04-2021	35.224.077.000	4.190.158.850
565	25	33	39	45	49	55	36	13-04-2021	37.115.385.600	3.210.145.400
566	5	8	27	42	47	51	36	15-04-2021	38.923.540.050	3.411.051.450
567	4	15	16	29	42	46	36	17-04-2021	40.777.509.000	3.617.048.000
568	18	25	38	43	47	51	11	20-04-2021	43.029.773.850	3.250.251.650
569	5	11	17	25	39	48	22	22-04-2021	44.457.452.850	3.408.882.650
570	1	4	5	21	25	44	45	24-04-2021	46.116.963.300	3.184.390.050
571	3	9	22	26	32	37	41	27-04-2021	48.097.092.900	3.404.404.450
572	3	9	23	33	42	44	50	29-04-2021	49.475.717.850	3.557.585.000
573	3	7	14	22	41	42	10	01-05-2021	31.298.624.850	3.701.876.650
574	7	24	45	48	49	53	14	04-05-2021	33.098.155.950	3.901.824.550
575	15	19	24	31	44	53	32	06-05-2021	34.447.913.850	4.051.797.650
576	14	23	26	37	42	51	40	08-05-2021	35.832.009.000	4.205.586.000
577	1	14	41	44	46	53	48	11-05-2021	37.855.593.750	4.430.428.750
578	13	24	25	35	39	41	29	13-05-2021	39.542.259.450	4.617.836.050
579	1	5	6	13	23	27	46	15-05-2021	41.211.747.300	3.185.498.650
580	6	7	22	32	38	47	27	18-05-2021	43.255.980.300	3.412.635.650
581	7	10	12	19	42	54	24	20-05-2021	45.292.426.950	3.226.271.850
582	15	27	37	45	46	52	31	22-05-2021	47.353.422.000	3.455.271.300
583	6	10	33	35	36	43	8	25-05-2021	49.559.884.950	3.700.433.850
584	3	7	18	22	40	46	14	27-05-2021	51.898.872.000	3.960.321.300
585	2	11	31	37	43	55	14	29-05-2021	54.265.804.950	4.223.313.850
586	6	12	14	27	43	45	38	01-06-2021	56.326.866.150	4.452.320.650
587	4	8	21	24	26	47	43	03-06-2021	58.284.817.050	3.217.550.100
588	14	22	25	39	41	52	17	05-06-2021	31.431.471.600	3.159.052.400
589	16	28	33	41	42	54	12	08-06-2021	33.193.526.250	3.195.783.850
590	11	22	24	27	43	54	45	10-06-2021	34.760.092.350	3.174.062.900
591	4	16	17	20	27	44	30	12-06-2021	36.527.178.450	3.370.405.800
592	11	18	21	22	30	55	35	15-06-2021	38.329.212.900	3.200.226.050
593	18	23	38	41	44	55	40	17-06-2021	40.169.779.500	3.404.733.450
594	1	3	7	13	28	45	33	19-06-2021	41.652.287.400	3.164.723.100
595	3	9	32	33	41	43	40	22-06-2021	43.626.698.850	3.384.102.150
596	3	16	17	24	41	44	37	24-06-2021	45.384.137.400	3.579.373.100
597	6	16	17	20	49	52	27	26-06-2021	47.471.485.800	3.231.927.600
598	5	14	24	36	44	55	48	29-06-2021	49.383.994.350	3.444.428.550
599	4	15	28	30	49	52	55	01-07-2021	51.386.104.200	3.666.885.200
600	4	25	30	38	50	55	53	03-07-2021	53.571.168.300	3.909.670.100
601	17	20	22	24	30	54	51	06-07-2021	31.599.710.400	4.087.415.700
602	3	32	34	42	44	54	35	08-07-2021	32.676.566.250	4.207.066.350
603	7	8	17	37	47	48	27	10-07-2021	33.779.028.450	4.329.562.150
604	5	11	18	27	34	43	42	13-07-2021	34.794.244.200	3.112.801.750
605	3	4	12	16	30	50	20	15-07-2021	36.217.440.750	3.270.934.700
606	2	7	11	21	31	42	45	17-07-2021	37.267.416.300	3.387.598.650
607	2	8	11	13	17	26	53	20-07-2021	38.324.690.400	3.505.073.550
608	2	20	24	39	46	53	55	22-07-2021	39.750.460.500	3.663.492.450
609	5	9	12	20	43	51	13	19-08-2021	41.150.223.750	3.819.021.700
610	22	24	27	37	38	48	14	21-08-2021	41.956.676.850	3.908.627.600
611	2	4	7	18	30	35	20	24-08-2021	42.842.874.450	4.007.094.000
612	11	13	20	51	53	55	4	26-08-2021	43.714.673.400	3.096.866.550
613	10	16	26	27	34	48	51	28-08-2021	44.634.669.600	3.199.088.350
614	7	20	37	47	51	53	5	31-08-2021	45.716.421.900	3.319.283.050
615	1	8	12	26	28	45	43	02-09-2021	46.622.870.850	3.419.999.600
616	11	12	32	42	43	51	31	04-09-2021	47.578.886.400	3.526.223.550
617	19	30	35	43	47	55	12	07-09-2021	48.767.588.400	3.658.301.550
618	6	8	10	23	39	44	43	09-09-2021	49.639.552.050	3.755.186.400
619	8	17	20	36	39	44	30	11-09-2021	50.537.868.150	3.854.999.300
620	17	22	30	40	43	44	41	14-09-2021	52.091.219.550	4.027.593.900
621	10	16	40	43	45	46	22	16-09-2021	53.712.030.000	4.207.683.950
622	3	14	15	21	47	52	54	18-09-2021	55.092.779.850	4.361.100.600
623	15	24	25	40	42	50	49	21-09-2021	56.957.293.200	4.568.268.750
624	6	7	21	25	27	49	26	23-09-2021	58.649.592.000	4.756.301.950
625	7	20	27	43	48	51	37	25-09-2021	60.108.577.500	4.918.411.450
626	7	22	25	40	49	50	37	28-09-2021	62.152.928.850	3.227.150.150
627	18	23	26	32	46	49	54	30-09-2021	64.225.888.500	3.457.479.000
628	5	6	22	26	49	51	32	02-10-2021	65.583.214.500	3.608.293.000
629	11	16	17	19	38	43	24	05-10-2021	67.505.291.850	3.821.857.150
630	6	15	21	24	45	55	46	07-10-2021	69.234.635.100	4.014.006.400
631	1	22	25	38	39	54	19	09-10-2021	71.577.732.450	4.274.350.550
632	14	17	31	33	42	50	40	12-10-2021	74.329.390.200	4.580.090.300
633	9	21	24	30	41	44	40	14-10-2021	76.705.906.800	4.844.147.700
634	9	17	22	28	50	55	7	16-10-2021	79.623.927.750	5.168.372.250
635	3	9	25	29	46	50	18	19-10-2021	82.941.970.800	3.368.671.450
636	3	19	32	36	41	51	35	21-10-2021	85.964.212.650	3.335.804.650
637	5	11	19	26	28	33	9	23-10-2021	88.377.473.100	3.603.944.700
638	21	24	29	34	39	53	20	26-10-2021	91.883.861.400	3.389.598.700
639	2	4	6	13	31	35	16	28-10-2021	95.299.509.900	3.769.115.200
640	31	36	40	44	50	53	11	30-10-2021	99.230.089.800	4.205.846.300
641	37	38	42	46	47	55	23	02-11-2021	103.358.105.400	3.458.668.400
642	5	10	15	31	32	50	28	04-11-2021	106.907.224.800	3.853.015.000
643	23	31	41	48	49	51	3	06-11-2021	111.103.646.250	3.466.269.050
644	12	25	26	47	51	53	16	09-11-2021	115.517.111.250	3.956.654.050
645	3	35	37	41	45	49	31	11-11-2021	119.987.868.900	3.496.750.850
646	18	22	29	33	46	48	37	13-11-2021	124.370.953.500	3.487.009.400
647	8	19	27	34	46	51	2	16-11-2021	127.938.125.100	3.883.361.800
648	18	30	32	37	39	40	10	18-11-2021	132.079.733.400	4.343.540.500
649	6	10	29	30	31	51	35	20-11-2021	136.474.196.700	4.831.814.200
650	5	7	9	28	38	55	50	23-11-2021	140.284.425.000	5.255.172.900
651	16	18	24	29	33	41	43	25-11-2021	144.675.020.100	3.487.843.900
652	2	5	7	21	31	37	44	27-11-2021	148.567.285.200	3.920.317.800
653	12	21	23	28	33	46	38	30-11-2021	152.992.255.350	3.491.663.350
654	6	23	28	31	44	48	14	02-12-2021	157.547.327.700	3.997.782.500
655	7	9	31	32	36	49	37	04-12-2021	162.010.540.200	4.493.695.000
656	4	6	22	32	34	53	41	07-12-2021	167.297.139.300	5.081.094.900
657	3	14	33	40	41	50	17	09-12-2021	172.318.645.650	3.557.945.150
658	8	13	17	22	42	51	45	11-12-2021	177.193.640.100	3.541.666.050
659	10	16	19	24	39	50	29	14-12-2021	182.330.633.100	3.570.777.000
660	19	24	30	41	43	49	55	16-12-2021	187.387.466.700	4.132.647.400
661	4	6	19	26	38	41	16	18-12-2021	192.650.416.500	3.584.772.200
662	23	25	28	49	52	54	44	21-12-2021	198.581.827.350	3.659.045.650
663	8	22	29	43	45	54	23	23-12-2021	204.118.789.350	4.274.263.650
664	6	8	23	25	33	35	27	25-12-2021	214.130.470.800	5.386.672.700
665	3	8	9	40	44	48	2	28-12-2021	32.003.504.400	3.222.611.600
666	9	25	27	32	37	46	23	30-12-2021	33.605.699.250	3.400.633.250
667	4	25	28	32	33	55	3	01-01-2022	35.927.361.300	3.658.595.700
668	11	17	22	28	39	49	43	04-01-2022	38.074.658.250	3.897.184.250
669	4	8	14	21	30	49	38	06-01-2022	40.268.451.000	3.243.754.750
670	6	17	37	41	48	50	13	08-01-2022	32.041.280.550	3.470.563.700
671	12	25	26	28	33	46	22	11-01-2022	34.313.096.550	3.722.987.700
672	7	12	17	26	37	46	28	13-01-2022	36.143.063.400	3.926.317.350
673	20	26	41	46	47	48	18	15-01-2022	38.394.271.200	4.176.451.550
674	6	15	16	33	41	43	51	18-01-2022	40.661.845.500	4.428.404.250
675	8	21	32	34	41	46	48	20-01-2022	42.691.966.950	4.653.973.300
676	2	6	16	29	37	42	22	22-01-2022	44.903.463.150	4.899.695.100
677	2	16	17	20	31	51	50	25-01-2022	47.714.037.600	5.211.981.150
678	1	26	31	36	40	46	28	27-01-2022	50.363.385.150	5.506.353.100
679	6	10	17	23	25	38	21	29-01-2022	52.742.566.200	5.770.706.550
680	13	18	22	35	42	43	3	03-02-2022	55.150.857.750	3.267.587.950
681	1	17	23	29	44	45	37	05-02-2022	57.764.215.200	3.557.961.000
682	12	15	21	28	32	40	43	08-02-2022	60.562.731.900	3.868.907.300
683	3	15	26	35	43	52	7	10-02-2022	63.474.225.600	3.323.499.300
684	4	8	12	42	44	51	41	12-02-2022	66.252.857.250	3.632.236.150
685	5	7	14	24	29	36	46	15-02-2022	68.434.304.250	3.874.619.150
686	5	24	40	42	46	54	3	17-02-2022	71.367.341.700	3.325.893.050
687	1	11	14	33	46	48	40	19-02-2022	74.540.296.200	3.678.443.550
688	9	16	19	23	25	39	4	22-02-2022	76.942.780.500	3.945.386.250
689	2	15	25	30	31	32	13	24-02-2022	78.554.607.600	3.179.091.900
690	5	8	30	36	49	51	18	26-02-2022	31.793.086.200	3.199.231.800
691	15	19	25	42	51	53	2	01-03-2022	33.707.650.350	3.411.961.150
692	4	10	16	25	26	43	52	03-03-2022	35.512.784.850	3.612.531.650
693	5	12	15	25	43	48	1	05-03-2022	36.581.622.600	3.731.291.400
694	3	23	25	39	47	48	55	08-03-2022	38.675.385.750	3.963.931.750
695	1	3	8	16	19	36	41	10-03-2022	40.440.003.150	4.160.000.350
696	12	16	18	26	30	45	36	12-03-2022	42.568.127.400	4.396.458.600
697	6	14	24	28	33	52	50	15-03-2022	44.742.716.400	4.638.079.600
698	1	6	12	21	37	49	53	17-03-2022	47.074.116.000	3.259.044.400
699	8	20	24	37	51	55	27	19-03-2022	49.301.038.650	3.506.480.250
700	1	14	18	28	47	49	22	22-03-2022	51.751.645.500	3.778.769.900
701	5	9	16	35	45	46	44	24-03-2022	53.906.255.400	3.239.401.100
702	1	6	16	30	34	55	29	26-03-2022	56.307.304.200	3.506.184.300
703	5	11	32	35	40	52	31	29-03-2022	58.908.623.700	3.289.035.500
704	5	24	34	39	42	49	16	31-03-2022	61.525.768.350	3.579.829.350
705	32	38	42	44	47	55	46	02-04-2022	64.691.708.250	3.931.600.450
706	5	18	26	36	43	44	45	05-04-2022	67.331.602.650	4.224.922.050
707	6	14	15	25	29	32	41	07-04-2022	69.988.955.700	4.520.183.500
708	2	3	19	28	42	45	12	09-04-2022	72.264.577.800	3.252.846.900
709	11	18	20	22	25	40	5	12-04-2022	75.356.765.400	3.596.423.300
710	1	5	9	34	37	45	52	14-04-2022	77.809.523.700	3.868.952.000
711	4	8	39	41	53	55	52	16-04-2022	80.758.885.350	4.196.658.850
712	2	7	13	28	29	34	39	19-04-2022	84.160.173.900	4.574.579.800
713	21	24	27	34	38	42	46	21-04-2022	87.502.919.250	4.945.995.950
714	3	27	36	41	49	55	18	23-04-2022	92.575.628.850	5.509.630.350
715	14	22	24	25	43	49	17	26-04-2022	31.953.142.200	5.726.646.150
716	8	24	25	32	37	44	3	28-04-2022	33.412.538.550	3.162.155.150
717	11	23	51	52	53	54	27	30-04-2022	35.131.524.600	3.190.998.450
718	1	22	38	48	49	53	42	03-05-2022	37.087.734.000	3.408.355.050
719	27	29	33	39	47	53	55	05-05-2022	38.990.566.200	3.619.780.850
720	15	32	33	36	43	46	31	07-05-2022	40.960.429.950	3.838.654.600
721	12	18	41	43	47	51	10	10-05-2022	43.368.051.000	4.106.168.050
722	9	18	24	43	44	50	15	12-05-2022	45.524.219.700	4.345.742.350
723	2	28	30	43	44	55	22	14-05-2022	48.237.615.300	4.647.230.750
724	11	17	25	29	45	48	53	17-05-2022	50.454.523.200	3.246.323.100
725	3	6	31	40	47	54	8	19-05-2022	52.849.603.650	3.512.443.150
726	19	32	38	40	45	48	2	21-05-2022	55.087.218.300	3.761.067.000
727	18	31	32	46	50	52	28	24-05-2022	57.772.834.500	4.059.468.800
728	4	30	32	39	41	53	42	26-05-2022	60.427.002.000	4.354.376.300
729	33	36	38	42	43	46	3	28-05-2022	62.757.436.800	4.613.313.500
730	4	10	15	16	47	51	23	31-05-2022	65.600.832.450	4.929.246.350
731	7	11	28	30	33	50	49	02-06-2022	67.823.715.000	3.246.986.950
732	3	17	27	30	34	49	25	04-06-2022	70.506.838.200	3.545.111.750
733	16	17	21	28	39	50	19	07-06-2022	74.335.915.200	3.970.564.750
734	30	31	35	43	48	50	22	09-06-2022	79.919.472.900	4.590.960.050
735	10	18	23	25	45	47	38	11-06-2022	85.597.658.400	5.221.869.550
736	2	15	26	32	35	36	16	14-06-2022	92.299.663.650	5.966.536.800
737	9	13	21	40	51	54	4	16-06-2022	99.398.788.050	6.755.328.400
738	6	27	43	44	45	47	33	18-06-2022	107.146.231.950	7.616.155.500
739	9	13	19	21	34	51	35	21-06-2022	112.724.914.800	3.619.853.650
740	10	22	23	34	46	54	27	23-06-2022	120.359.597.700	4.468.151.750
741	14	17	31	35	37	40	28	25-06-2022	128.468.041.500	5.369.089.950
742	5	22	30	32	38	55	33	28-06-2022	137.360.420.850	6.357.132.100
743	5	11	15	19	29	31	35	30-06-2022	145.146.456.750	7.222.247.200
744	6	26	39	40	46	47	2	02-07-2022	153.712.284.600	8.174.005.850
745	5	7	12	26	29	44	38	05-07-2022	162.630.330.150	9.164.899.800
746	18	24	32	43	48	55	15	07-07-2022	172.448.183.100	10.255.772.350
747	5	21	24	47	52	55	20	09-07-2022	183.948.645.900	11.533.601.550
748	12	13	24	25	39	41	9	12-07-2022	195.504.840.300	12.817.623.150
749	11	25	29	37	39	52	45	14-07-2022	205.143.192.300	4.070.928.000
750	6	13	18	27	34	46	33	16-07-2022	31.962.266.400	3.218.029.600
751	8	9	33	34	35	52	36	19-07-2022	33.952.631.250	3.439.181.250
752	2	20	33	45	51	55	1	21-07-2022	35.972.954.400	3.663.661.600
753	27	28	29	39	40	54	13	23-07-2022	38.195.566.050	3.910.618.450
754	5	8	9	13	14	47	53	26-07-2022	40.513.467.450	4.168.163.050
755	5	6	17	28	29	39	34	28-07-2022	42.178.630.800	4.353.181.200
756	1	4	24	35	44	47	17	30-07-2022	31.865.574.450	4.560.467.250
757	2	5	28	40	47	48	31	02-08-2022	34.019.568.300	4.799.799.900
758	8	9	20	41	48	54	2	04-08-2022	36.032.949.300	5.023.508.900
759	6	21	27	41	51	53	43	06-08-2022	38.170.136.550	5.260.974.150
760	9	10	36	41	51	55	52	09-08-2022	40.722.247.650	5.544.542.050
761	1	12	21	34	48	55	50	11-08-2022	42.823.778.700	5.778.045.500
762	19	28	29	30	33	36	14	13-08-2022	45.228.896.850	6.045.280.850
763	17	18	28	47	50	53	11	16-08-2022	47.953.145.550	6.347.975.150
764	23	27	31	37	38	42	26	18-08-2022	50.094.066.900	3.237.880.150
765	6	16	29	32	42	51	43	20-08-2022	52.524.475.500	3.507.925.550
766	13	21	31	41	44	45	27	23-08-2022	55.279.408.350	3.306.103.650
767	19	30	35	40	49	53	42	25-08-2022	57.912.621.600	3.598.682.900
768	1	5	7	10	25	48	36	27-08-2022	60.479.670.450	3.883.910.550
769	2	13	19	29	30	32	16	30-08-2022	63.748.396.650	4.247.102.350
770	4	14	18	39	50	53	31	01-09-2022	66.183.821.850	4.517.705.150
771	11	22	31	33	40	46	41	03-09-2022	68.862.978.750	4.815.389.250
772	1	5	27	43	52	54	15	06-09-2022	72.622.537.050	5.233.117.950
773	9	13	23	32	36	52	43	08-09-2022	75.315.934.650	5.532.384.350
774	2	8	15	19	35	38	14	10-09-2022	77.139.433.650	3.202.611.000
775	9	10	21	40	41	48	54	13-09-2022	80.468.982.300	3.369.949.850
776	3	8	19	30	41	52	9	15-09-2022	83.847.890.100	3.745.384.050
777	5	8	19	34	40	49	39	17-09-2022	87.421.889.100	4.142.495.050
778	8	27	32	43	53	54	45	20-09-2022	91.614.070.200	4.608.292.950
779	12	14	19	29	44	47	26	22-09-2022	98.674.641.750	5.392.800.900
780	1	4	5	17	42	47	9	24-09-2022	31.902.787.650	3.211.420.850
781	11	13	23	27	37	43	34	27-09-2022	33.257.062.650	3.361.895.850
782	15	32	33	37	42	54	28	29-09-2022	35.206.530.150	3.578.503.350
783	14	15	16	22	23	29	20	01-10-2022	37.241.100.750	3.804.566.750
784	5	11	12	22	43	45	42	04-10-2022	31.658.106.000	3.988.800.750
785	6	8	19	20	47	53	7	06-10-2022	33.330.821.700	4.174.658.050
786	11	17	23	34	41	51	40	08-10-2022	35.350.914.000	4.399.112.750
787	11	26	34	40	46	52	1	11-10-2022	37.672.072.050	4.657.019.200
788	12	13	43	48	51	52	15	13-10-2022	39.847.692.900	4.898.754.850
789	8	15	16	39	45	51	23	15-10-2022	41.892.390.300	3.227.188.600
790	6	30	36	39	44	46	49	18-10-2022	44.628.997.800	3.531.256.100
791	15	21	27	34	37	53	29	20-10-2022	46.869.729.600	3.780.226.300
792	17	19	35	42	51	52	34	22-10-2022	49.411.290.450	4.062.621.950
793	8	18	20	22	42	46	1	25-10-2022	51.961.066.050	4.345.930.350
794	1	7	10	17	19	30	53	27-10-2022	53.993.736.750	3.225.852.300
795	1	3	10	13	15	20	32	29-10-2022	55.574.880.150	3.401.534.900
796	3	9	20	23	31	54	55	01-11-2022	58.584.185.850	3.735.902.200
797	8	13	24	28	29	33	49	03-11-2022	61.167.452.700	3.287.029.650
798	10	19	22	25	47	53	52	05-11-2022	63.987.346.200	3.600.351.150
799	12	27	33	44	48	50	18	08-11-2022	67.427.850.900	3.982.629.450
800	8	11	14	27	38	45	21	10-11-2022	69.642.327.900	3.246.053.000
801	8	18	23	30	35	42	43	12-11-2022	72.525.177.750	3.320.316.650
802	4	20	26	36	47	51	33	15-11-2022	76.296.698.850	3.739.374.550
803	1	19	25	27	38	42	54	17-11-2022	79.814.616.150	3.390.879.700
804	3	15	22	39	46	48	43	19-11-2022	83.273.763.450	3.384.349.700
805	3	9	21	22	26	35	15	22-11-2022	86.829.283.650	3.395.057.800
806	4	6	18	27	52	53	10	24-11-2022	90.352.111.350	3.391.425.300
807	8	23	24	48	49	52	1	26-11-2022	94.333.835.100	3.833.839.050
808	2	13	16	18	41	42	19	29-11-2022	98.824.703.250	4.332.824.400
809	11	14	29	31	52	54	7	01-12-2022	103.576.368.900	3.527.962.850
810	16	17	27	48	52	53	24	03-12-2022	108.784.806.600	4.106.678.150
811	1	11	25	44	45	46	35	06-12-2022	116.145.205.500	4.924.500.250
812	6	30	36	41	49	55	20	08-12-2022	126.455.985.750	6.070.142.500
813	2	12	13	18	33	44	31	10-12-2022	134.599.851.300	3.904.873.950
814	10	22	31	37	41	52	20	13-12-2022	146.920.318.050	5.273.814.700
815	2	25	38	50	51	55	21	15-12-2022	155.290.691.550	3.930.041.500
816	1	2	29	34	41	42	9	17-12-2022	167.391.079.950	5.274.529.100
817	2	6	9	20	31	35	42	20-12-2022	32.248.036.650	5.524.310.950
818	14	26	35	43	45	48	3	22-12-2022	34.469.658.750	3.246.846.900
819	5	19	22	23	30	44	52	24-12-2022	36.098.421.150	3.427.820.500
820	11	12	13	14	23	55	27	27-12-2022	38.626.793.850	3.708.750.800
821	6	8	33	37	38	51	48	29-12-2022	40.919.760.750	3.963.524.900
822	10	15	36	42	45	52	20	31-12-2022	43.191.318.000	4.215.920.150
823	9	13	24	43	47	48	18	03-01-2023	45.442.629.750	3.250.145.750
824	5	12	34	37	47	49	28	05-01-2023	47.581.312.800	3.487.777.200
825	3	4	9	15	33	54	16	07-01-2023	49.544.227.650	3.218.101.650
826	5	12	14	19	46	51	36	10-01-2023	51.992.583.600	3.490.141.200
827	5	14	37	45	47	55	25	12-01-2023	54.479.037.450	3.766.413.850
828	5	17	24	30	43	53	26	14-01-2023	56.793.486.450	4.023.574.850
829	1	9	20	36	44	50	40	17-01-2023	59.818.408.950	3.336.102.500
830	3	21	32	33	38	52	30	19-01-2023	62.304.180.150	3.612.299.300
831	3	5	10	12	29	30	9	24-01-2023	64.877.769.750	3.898.253.700
832	8	15	18	20	33	41	14	26-01-2023	67.293.412.500	4.166.658.450
833	9	22	23	29	38	47	33	28-01-2023	69.843.950.850	4.450.051.600
834	10	11	31	32	38	52	5	31-01-2023	73.618.027.050	3.419.341.800
835	3	10	23	29	34	53	11	02-02-2023	79.652.814.150	4.089.873.700
836	2	6	8	27	41	46	20	04-02-2023	85.835.025.750	4.776.786.100
837	6	27	29	32	39	52	9	07-02-2023	92.507.434.050	5.518.164.800
838	1	10	29	30	49	50	9	09-02-2023	31.790.453.700	3.198.939.300
839	4	13	45	48	52	54	5	11-02-2023	33.529.908.900	3.392.212.100
840	1	9	33	37	43	45	23	14-02-2023	35.534.625.600	3.614.958.400
841	1	5	7	8	20	22	33	16-02-2023	36.591.358.350	3.117.414.750
842	11	23	26	29	43	50	5	18-02-2023	38.396.133.300	3.317.945.300
843	4	12	15	21	30	44	5	21-02-2023	40.163.155.050	3.514.281.050
844	12	16	29	31	39	48	40	23-02-2023	41.760.073.200	3.691.716.400
845	1	2	14	21	38	51	50	25-02-2023	43.516.873.650	3.886.916.450
846	2	13	14	30	43	55	22	28-02-2023	45.830.729.550	4.144.011.550
847	1	3	23	24	43	48	31	02-03-2023	47.768.959.650	3.215.358.900
848	9	13	23	36	38	54	21	04-03-2023	49.872.652.950	3.449.102.600
849	8	22	25	27	39	50	28	07-03-2023	52.053.289.050	3.691.395.500
850	12	22	28	34	53	54	40	09-03-2023	54.468.180.300	3.959.716.750
851	13	23	25	30	35	44	8	11-03-2023	56.487.021.150	4.184.032.400
852	14	15	18	20	27	35	31	14-03-2023	59.309.461.650	4.497.636.900
853	6	23	34	48	50	55	2	16-03-2023	62.243.461.200	4.823.636.850
854	18	24	32	33	51	53	36	18-03-2023	65.383.604.850	3.348.904.850
855	7	17	31	43	45	49	52	21-03-2023	68.288.184.300	3.322.731.050
856	4	7	22	33	40	49	39	23-03-2023	71.024.943.450	3.626.815.400
857	17	18	28	40	49	54	16	25-03-2023	31.734.697.800	3.819.559.600
858	6	21	24	41	50	53	13	28-03-2023	33.425.088.600	4.007.380.800
859	6	11	14	21	30	32	22	30-03-2023	35.002.371.900	4.182.634.500
860	12	34	39	44	49	55	14	01-04-2023	36.853.249.350	4.388.287.550
861	13	28	41	42	47	51	9	04-04-2023	38.918.931.150	4.617.807.750
862	7	10	12	33	52	54	16	06-04-2023	40.461.283.650	4.789.180.250
863	17	33	36	46	50	52	40	08-04-2023	42.137.944.050	4.975.475.850
864	10	14	16	18	37	49	54	11-04-2023	44.227.963.200	5.207.700.200
865	22	26	28	37	39	48	15	13-04-2023	46.173.445.950	5.423.864.950
866	1	34	35	36	42	43	5	15-04-2023	48.248.431.500	3.230.553.950
867	17	18	30	40	51	55	50	18-04-2023	50.805.088.500	3.514.626.950
868	7	11	32	35	42	51	46	20-04-2023	53.021.964.900	3.246.319.600
869	9	18	23	24	48	52	10	22-04-2023	54.316.474.500	3.390.154.000
870	6	10	19	23	25	28	45	25-04-2023	56.226.657.900	3.212.242.600
871	8	28	38	39	41	45	54	27-04-2023	58.514.317.950	3.466.427.050
872	2	9	12	24	41	53	35	29-04-2023	60.866.703.300	3.261.376.150
873	4	11	18	25	33	45	21	02-05-2023	62.962.637.700	3.232.881.600
874	13	30	32	35	45	52	29	04-05-2023	65.811.324.900	3.549.402.400
875	1	11	22	28	34	42	10	06-05-2023	68.127.043.350	3.257.302.050
876	7	9	13	22	44	47	39	09-05-2023	70.842.375.750	3.559.005.650
877	1	3	19	33	34	51	17	11-05-2023	73.659.305.100	3.871.997.800
878	22	24	35	43	45	54	50	13-05-2023	76.361.538.900	4.172.246.000
879	19	24	30	34	40	44	51	16-05-2023	31.705.358.250	4.361.730.250
880	13	14	21	23	30	41	49	18-05-2023	32.942.141.850	4.499.150.650
881	1	14	21	36	48	53	44	20-05-2023	34.404.588.750	4.661.644.750
882	26	27	35	36	47	54	40	23-05-2023	36.233.149.800	3.203.173.450
883	15	16	19	31	33	46	7	25-05-2023	37.840.372.050	3.381.753.700
884	4	6	8	18	39	43	28	27-05-2023	38.990.916.300	3.509.591.950
885	1	14	24	28	40	46	34	30-05-2023	41.223.910.350	3.757.702.400
886	3	18	40	41	46	47	36	01-06-2023	43.522.243.950	4.013.072.800
887	23	28	29	36	38	41	7	03-06-2023	45.597.828.900	4.243.693.350
888	1	14	23	27	44	50	43	06-06-2023	48.285.119.100	4.542.281.150
889	3	36	38	43	51	53	2	08-06-2023	50.491.951.050	4.787.484.700
890	10	17	27	32	35	41	54	10-06-2023	52.877.718.300	5.052.569.950
891	4	14	18	27	47	50	33	13-06-2023	55.603.213.950	5.355.402.800
892	10	11	25	39	46	55	40	15-06-2023	58.005.385.050	5.622.310.700
893	7	13	23	34	38	40	55	17-06-2023	60.314.116.350	3.256.525.700
894	7	23	26	31	35	53	32	20-06-2023	63.040.925.550	3.302.978.800
895	2	11	14	35	43	51	55	22-06-2023	65.034.265.800	3.524.461.050
896	8	9	16	20	50	53	3	24-06-2023	66.932.714.550	3.735.399.800
897	2	12	15	16	27	28	47	27-06-2023	69.936.872.700	3.333.795.350
898	1	11	12	28	46	54	40	29-06-2023	72.625.274.850	3.632.506.700
899	13	33	36	38	45	50	25	01-07-2023	77.160.756.450	4.136.449.100
900	4	13	14	23	33	50	41	04-07-2023	80.894.008.650	3.414.805.800
901	7	12	29	39	46	55	1	06-07-2023	86.968.735.500	4.089.775.450
902	8	11	23	43	44	48	41	08-07-2023	93.737.419.050	4.841.851.400
903	24	40	44	46	47	49	5	11-07-2023	103.333.058.400	5.908.033.550
904	3	4	30	34	36	49	8	13-07-2023	109.923.542.850	3.732.276.050
905	2	16	31	37	38	48	36	15-07-2023	119.322.221.250	4.776.573.650
906	10	11	19	28	42	47	16	18-07-2023	129.014.374.350	5.853.479.550
907	5	34	36	38	47	50	26	20-07-2023	138.815.469.750	6.942.490.150
908	9	15	23	25	27	34	41	22-07-2023	147.710.573.850	7.930.835.050
909	12	23	42	44	51	52	3	25-07-2023	159.476.961.450	9.238.211.450
910	3	11	13	31	33	45	27	27-07-2023	166.915.926.750	3.826.551.700
911	16	23	25	26	29	40	32	29-07-2023	174.697.190.850	3.864.584.900
912	4	18	22	25	33	48	2	01-08-2023	184.720.792.350	4.113.733.500
913	3	12	22	25	37	39	7	03-08-2023	196.667.264.100	5.441.119.250
914	22	34	40	47	49	51	44	05-08-2023	210.802.558.800	7.011.707.550
915	5	6	19	20	40	45	47	08-08-2023	226.138.479.600	8.715.698.750
916	4	14	31	42	47	49	43	10-08-2023	242.211.415.350	10.501.580.500
917	13	24	39	43	45	52	8	12-08-2023	256.972.522.350	12.141.703.500
918	5	12	25	39	40	53	52	15-08-2023	31.860.737.850	12.348.452.150
919	1	5	25	32	51	52	54	17-08-2023	34.033.462.950	12.589.866.050
920	7	9	13	22	27	42	23	19-08-2023	35.774.937.300	12.783.363.200
921	2	3	6	34	35	36	31	22-08-2023	38.459.304.300	13.081.626.200
922	1	10	20	41	42	50	39	24-08-2023	40.752.858.900	13.336.465.600
923	5	8	24	38	50	51	47	26-08-2023	42.714.713.100	3.217.983.800
924	1	8	20	25	35	53	54	29-08-2023	44.834.259.900	3.453.489.000
925	23	33	37	43	45	46	29	31-08-2023	46.578.147.150	3.647.254.250
926	12	15	32	44	46	51	48	02-09-2023	48.434.457.450	3.853.510.950
927	2	6	19	29	34	48	39	05-09-2023	50.166.294.600	4.045.937.300
928	1	4	36	42	45	54	32	07-09-2023	52.423.299.300	4.296.715.600
929	13	20	32	37	43	49	40	09-09-2023	54.554.601.450	3.236.811.350
930	26	31	32	39	45	55	28	12-09-2023	56.990.967.600	3.507.518.700
931	6	10	20	22	50	52	34	14-09-2023	59.333.976.300	3.767.853.000
932	25	27	42	51	54	55	45	16-09-2023	61.815.809.550	4.043.612.250
933	17	29	35	40	51	52	23	19-09-2023	64.650.236.700	4.358.548.600
934	16	26	33	34	41	43	53	21-09-2023	67.899.735.300	4.719.604.000
935	20	27	36	43	45	47	35	23-09-2023	72.457.474.800	5.226.019.500
936	14	20	24	27	41	44	23	26-09-2023	77.347.149.150	5.769.316.650
937	4	23	36	45	47	50	22	28-09-2023	82.096.341.600	6.297.004.700
938	3	13	19	30	38	44	51	30-09-2023	87.320.545.500	6.877.471.800
939	3	15	27	29	37	48	55	03-10-2023	90.070.410.900	3.305.540.600
940	1	21	33	46	47	53	9	05-10-2023	95.566.397.700	3.916.205.800
941	4	13	36	40	43	52	34	07-10-2023	101.882.095.950	4.617.950.050
942	6	23	26	37	44	46	33	10-10-2023	106.511.719.800	3.514.402.650
943	5	8	9	20	36	50	35	12-10-2023	112.991.932.200	4.234.426.250
944	8	23	30	34	38	47	10	14-10-2023	120.243.618.750	5.040.169.200
945	13	22	33	41	46	47	9	17-10-2023	126.033.393.900	3.643.308.350
946	1	23	29	37	51	55	54	19-10-2023	134.594.405.850	4.594.531.900
947	11	16	24	34	47	52	15	21-10-2023	142.854.653.550	5.512.337.200
948	12	20	26	33	40	44	24	24-10-2023	152.183.678.700	6.548.895.550
949	14	22	32	37	43	48	42	26-10-2023	157.447.377.750	3.584.855.450
950	11	14	25	44	46	47	10	28-10-2023	166.603.401.750	4.602.191.450
951	10	16	17	28	37	42	43	31-10-2023	173.149.875.300	3.727.385.950
952	9	15	17	21	26	36	13	02-11-2023	31.605.069.000	3.178.341.000
953	14	35	37	47	48	50	43	04-11-2023	33.414.096.900	3.379.344.100
954	12	18	20	28	35	52	25	07-11-2023	35.075.545.050	3.563.949.450
955	8	17	24	34	39	48	44	09-11-2023	31.420.540.650	3.721.787.300
956	2	3	4	19	41	42	23	11-11-2023	32.810.830.500	3.876.263.950
957	4	9	12	15	22	38	40	14-11-2023	34.196.392.650	4.030.215.300
958	3	5	10	18	44	49	28	16-11-2023	35.952.406.950	4.225.328.000
959	1	7	10	14	28	29	2	18-11-2023	37.188.068.250	3.137.295.700
960	3	7	16	37	39	51	9	21-11-2023	38.984.117.250	3.199.561.000
961	4	6	26	33	52	55	15	23-11-2023	40.785.765.150	3.399.744.100
962	7	9	10	17	25	53	49	25-11-2023	42.235.023.000	3.560.772.750
963	10	24	47	48	52	55	28	28-11-2023	44.717.168.550	3.836.566.700
964	9	13	21	28	50	54	51	30-11-2023	46.969.203.000	4.086.792.750
965	1	10	20	37	48	51	54	02-12-2023	48.458.017.200	4.252.216.550
966	2	4	19	32	35	39	49	05-12-2023	50.531.713.500	4.482.627.250
967	9	13	28	33	50	53	47	07-12-2023	31.401.323.850	4.638.329.900
968	6	9	26	27	34	47	41	09-12-2023	32.990.974.950	4.814.957.800
969	6	7	16	21	34	50	31	12-12-2023	35.173.302.600	5.057.438.650
970	1	12	23	43	48	52	30	14-12-2023	36.585.760.800	3.156.939.800
971	13	15	21	26	34	35	45	16-12-2023	38.380.011.600	3.356.301.000
972	11	14	15	24	34	53	18	19-12-2023	40.527.961.950	3.594.962.150
973	9	31	39	41	47	48	3	21-12-2023	42.761.793.000	3.843.165.600
974	22	32	39	46	48	49	43	23-12-2023	45.088.940.550	4.101.737.550
975	10	14	17	27	29	40	25	26-12-2023	47.615.531.700	4.382.469.900
976	20	28	30	40	45	52	32	28-12-2023	50.014.908.300	4.649.067.300
977	9	17	29	32	38	52	2	30-12-2023	52.129.102.800	4.883.977.800
978	2	5	18	31	37	45	20	02-01-2024	54.632.301.150	3.278.133.150
979	7	34	37	43	52	54	28	04-01-2024	57.063.120.600	3.270.091.050
980	15	17	21	24	34	46	11	06-01-2024	59.785.265.550	3.572.551.600
981	16	32	45	50	52	53	54	09-01-2024	62.968.732.950	3.926.270.200
982	2	23	32	44	51	52	28	11-01-2024	65.509.647.150	4.208.594.000
983	1	5	7	23	35	42	21	13-01-2024	68.166.525.450	3.295.208.700
984	9	14	18	20	27	43	42	16-01-2024	70.984.974.900	3.313.161.050
985	12	20	33	38	40	52	35	18-01-2024	73.702.820.550	3.301.982.850
986	6	25	29	34	49	54	38	20-01-2024	77.023.764.300	3.670.976.600
987	13	27	32	48	49	51	23	23-01-2024	80.681.771.550	3.406.445.250
988	13	17	35	38	42	48	7	25-01-2024	83.810.646.300	3.754.098.000
989	6	12	38	41	46	55	13	27-01-2024	87.295.773.450	3.387.236.350
990	3	10	13	40	49	52	9	30-01-2024	91.320.972.600	3.834.480.700
991	2	7	10	22	32	40	39	01-02-2024	95.065.337.100	4.250.521.200
992	4	6	7	13	18	26	49	03-02-2024	98.887.965.600	4.675.257.700
993	8	19	27	34	46	51	24	06-02-2024	103.161.578.250	3.474.845.850
994	22	31	35	36	38	42	11	08-02-2024	107.397.479.550	3.945.501.550
995	8	17	22	31	34	49	18	13-02-2024	112.343.407.950	4.495.049.150
996	3	7	8	18	21	26	19	15-02-2024	116.463.068.400	4.952.789.200
997	8	12	17	27	38	55	47	17-02-2024	120.893.318.850	5.445.039.249
998	34	46	50	51	52	55	5	20-02-2024	126.553.729.800	3.628.934.550
999	8	19	24	31	35	55	1	22-02-2024	130.331.185.950	3.419.717.350
1000	1	3	22	27	38	40	26	24-02-2024	135.452.799.750	3.569.068.200
1001	1	4	6	8	24	35	53	27-02-2024	142.673.643.750	3.802.316.000
1002	4	11	20	38	52	53	33	29-02-2024	153.346.722.600	4.988.213.650
1003	1	19	21	31	50	55	37	02-03-2024	164.593.876.350	6.237.897.400
1004	12	19	21	23	28	54	31	05-03-2024	177.059.760.600	7.622.995.650
1005	13	20	33	47	53	54	19	07-03-2024	186.792.773.700	4.081.445.900
1006	11	13	22	36	46	49	37	09-03-2024	199.484.306.400	5.491.616.200
1007	11	14	18	20	22	43	16	12-03-2024	213.559.310.100	7.055.505.500
1008	21	25	26	29	41	51	39	14-03-2024	228.468.952.650	8.712.132.450
1009	8	36	42	43	44	55	54	16-03-2024	243.884.025.300	10.424.918.300
1010	6	25	39	45	46	55	26	19-03-2024	257.677.415.400	4.532.598.900
1011	12	13	41	48	49	53	43	21-03-2024	270.263.424.450	4.398.445.450
1012	3	10	13	30	40	52	4	23-03-2024	281.084.510.550	4.202.342.900
1013	1	8	13	16	38	44	47	26-03-2024	297.045.137.100	4.773.402.950
1014	1	7	18	26	38	49	21	28-03-2024	300.000.000.000	15.830.247.100
1015	14	17	27	38	54	55	23	30-03-2024	300.000.000.000	21.967.876.000
1016	1	12	18	20	51	52	37	02-04-2024	317.948.300.400	4.994.255.600
1017	3	8	12	25	47	48	15	04-04-2024	337.543.447.350	7.171.494.150
1018	9	13	20	30	39	54	23	06-04-2024	300.000.000.000	67.784.892.000
1019	4	12	27	44	46	51	22	09-04-2024	300.000.000.000	25.409.725.000
1020	3	6	15	25	33	43	55	11-04-2024	314.186.714.850	4.576.301.650
1021	29	36	37	38	40	42	46	13-04-2024	33.007.128.150	3.334.125.350
1022	3	5	32	40	46	50	37	16-04-2024	36.274.024.650	3.362.988.500
1023	1	21	23	33	43	54	28	18-04-2024	38.633.758.050	3.625.181.100
1024	2	6	35	43	45	47	14	20-04-2024	41.561.844.600	3.325.342.950
1025	1	34	39	40	49	53	9	23-04-2024	45.053.287.500	3.713.281.050
1026	13	19	27	38	41	54	46	25-04-2024	47.354.753.100	3.968.999.450
1027	7	12	38	43	48	55	8	27-04-2024	49.665.978.300	4.225.802.250
1028	13	16	26	46	49	54	8	30-04-2024	52.411.684.800	4.530.880.750
1029	30	32	33	36	42	48	18	02-05-2024	55.439.469.300	4.867.301.250
1030	5	27	35	45	49	55	18	04-05-2024	58.191.976.650	5.173.135.400
1031	21	26	35	41	44	52	13	07-05-2024	61.542.131.250	5.545.374.800
1032	3	16	21	36	37	40	31	09-05-2024	62.575.096.350	5.660.148.700
1033	19	23	25	43	46	54	42	11-05-2024	31.730.182.500	3.192.242.500
1034	5	17	36	40	46	50	1	14-05-2024	33.986.568.900	3.442.952.100
1035	20	25	27	39	45	55	44	16-05-2024	35.985.134.550	3.222.062.850
1036	12	18	20	25	27	52	44	18-05-2024	37.855.412.400	3.429.871.500
1037	1	2	14	32	33	41	4	21-05-2024	40.422.908.100	3.715.148.800
1038	8	12	42	47	51	52	36	23-05-2024	42.733.638.750	3.971.896.650
1039	15	22	38	39	43	53	20	25-05-2024	44.500.277.100	4.168.189.800
1040	1	25	29	37	40	54	50	28-05-2024	47.522.322.750	4.503.972.650
1041	4	7	8	12	23	31	45	30-05-2024	49.053.378.900	4.674.090.000
1042	6	24	30	31	47	49	1	01-06-2024	51.723.546.150	3.296.685.250
1043	1	2	7	10	13	19	24	04-06-2024	54.037.387.650	3.553.778.750
1044	18	26	38	39	47	51	55	06-06-2024	56.657.129.250	3.291.082.400
1045	13	16	32	33	35	43	42	08-06-2024	59.286.413.550	3.583.225.100
1046	13	16	21	30	32	39	53	11-06-2024	62.127.460.650	3.315.671.900
1047	8	39	45	47	49	51	16	13-06-2024	64.999.817.400	3.634.822.650
1048	5	10	14	20	26	51	36	15-06-2024	67.987.995.600	3.966.842.450
1049	20	23	27	36	38	44	52	18-06-2024	70.914.719.100	3.325.191.500
1050	1	10	29	34	43	55	49	20-06-2024	74.105.630.400	3.679.737.200
1051	17	25	31	35	41	42	36	22-06-2024	76.722.113.100	3.970.457.500
1052	1	5	9	13	18	27	8	25-06-2024	80.672.952.450	4.409.439.650
1053	7	21	22	41	43	46	32	27-06-2024	87.506.345.100	5.168.705.500
1054	11	15	32	34	46	48	47	29-06-2024	94.939.428.000	5.994.603.600
1055	7	8	50	52	53	54	2	02-07-2024	103.450.239.300	6.940.249.300
1056	10	19	20	29	34	41	8	04-07-2024	108.455.115.900	3.556.097.400
1057	8	10	12	22	25	55	52	06-07-2024	113.275.605.450	3.535.609.950
1058	6	8	9	28	33	53	10	09-07-2024	119.737.487.100	3.717.986.850
1059	1	2	11	21	22	23	26	11-07-2024	126.939.109.350	4.518.167.100
1060	2	12	13	33	44	52	34	13-07-2024	132.641.850.900	3.633.637.950
1061	20	31	34	36	47	52	2	16-07-2024	143.092.525.800	4.794.824.050
1062	10	13	28	35	40	42	2	18-07-2024	152.070.473.550	5.792.373.800
1063	12	18	32	40	51	53	28	20-07-2024	162.187.998.600	6.916.543.250
1064	34	39	40	42	54	55	30	23-07-2024	173.134.617.600	8.132.834.250
1065	12	17	21	25	33	40	39	25-07-2024	182.756.987.850	9.201.986.500
1066	18	23	25	37	39	40	35	27-07-2024	189.389.158.500	3.736.907.850
1067	2	6	22	23	38	51	32	30-07-2024	197.848.321.500	3.939.907.000
1068	9	17	21	48	53	55	29	01-08-2024	208.900.641.000	10.335.885.000
1069	7	20	34	36	41	46	16	03-08-2024	216.683.739.750	3.864.788.750
1070	22	34	44	46	54	55	14	06-08-2024	228.605.423.700	5.189.420.300
1071	1	7	42	43	48	51	29	08-08-2024	32.545.913.250	5.472.299.550
1072	10	23	32	37	48	55	14	10-08-2024	34.647.376.800	3.233.495.950
1073	9	26	40	44	45	50	27	13-08-2024	37.179.227.550	3.281.316.750
1074	8	16	20	30	34	43	46	15-08-2024	39.241.663.950	3.510.476.350
1075	4	28	35	38	39	45	5	17-08-2024	31.979.607.600	3.219.956.400
1076	5	24	26	27	29	54	6	20-08-2024	34.384.548.450	3.487.172.050
1077	11	18	20	32	41	46	33	22-08-2024	36.732.966.150	3.748.107.350
1078	2	17	20	21	22	23	38	24-08-2024	38.721.118.800	3.220.905.850
1079	5	6	29	31	37	48	2	27-08-2024	41.320.607.700	3.509.737.950
1080	8	11	21	29	38	55	12	29-08-2024	43.365.680.850	3.736.968.300
1081	24	33	38	40	42	51	28	31-08-2024	46.138.454.400	4.045.054.250
1082	8	10	11	14	38	48	41	03-09-2024	48.757.939.050	3.291.053.850
1083	15	20	23	29	34	46	1	05-09-2024	50.919.272.400	3.531.202.000
1084	5	11	20	39	46	53	37	07-09-2024	53.279.767.650	3.793.479.250
1085	15	23	37	38	45	49	30	10-09-2024	55.693.842.150	4.061.709.750
1086	3	8	31	36	39	47	38	12-09-2024	58.348.724.700	3.294.986.950
1087	2	12	25	32	51	54	34	14-09-2024	60.968.881.650	3.586.115.500
1088	14	32	34	41	47	54	48	17-09-2024	64.498.682.550	3.978.315.600
1089	4	9	22	24	45	54	48	19-09-2024	67.050.862.500	4.261.891.150
1090	3	8	9	22	26	55	11	21-09-2024	69.661.431.750	4.551.954.400
1091	1	6	11	17	24	31	43	24-09-2024	72.583.734.450	3.324.700.300
1092	3	18	29	39	41	49	46	26-09-2024	75.549.116.100	3.654.187.150
1093	2	11	13	32	41	48	15	28-09-2024	78.817.363.500	4.017.325.750
1094	3	18	22	41	43	44	12	01-10-2024	82.059.437.100	3.360.230.400
1095	18	21	34	40	42	53	25	03-10-2024	86.067.388.200	3.805.558.300
1096	2	10	17	27	50	52	18	05-10-2024	89.911.590.600	3.427.133.600
1097	3	7	14	17	48	50	40	08-10-2024	94.545.136.200	3.941.972.000
1098	4	5	6	29	32	44	53	10-10-2024	98.379.136.650	4.367.972.050
1099	29	34	35	38	50	51	37	12-10-2024	102.984.137.400	3.511.666.750
1100	4	25	41	42	46	52	33	15-10-2024	108.078.091.050	4.077.661.600
1101	11	14	15	26	38	41	25	17-10-2024	115.151.146.950	4.863.556.700
1102	9	22	31	39	43	51	19	19-10-2024	123.535.166.700	5.795.114.450
1103	15	21	23	26	31	43	35	22-10-2024	133.000.167.000	6.846.781.150
1104	5	17	31	39	46	53	3	24-10-2024	142.136.315.400	7.861.908.750
1105	5	19	27	29	42	47	40	26-10-2024	148.717.283.700	3.731.218.700
1106	14	17	19	28	47	51	55	29-10-2024	31.944.274.950	3.947.249.250
1107	5	16	20	29	30	31	39	31-10-2024	33.829.311.900	3.209.448.550
1108	2	9	19	20	34	54	26	02-11-2024	35.592.679.650	3.195.929.750
1109	9	31	36	46	49	54	7	05-11-2024	38.354.528.100	3.502.801.800
1110	6	9	33	39	50	51	43	07-11-2024	40.954.938.600	3.791.736.300
1111	11	14	24	26	34	51	40	09-11-2024	43.415.255.550	4.065.104.850
1112	1	21	29	35	41	45	20	12-11-2024	46.129.206.900	4.366.655.000
1113	12	25	37	40	49	52	31	14-11-2024	48.362.506.500	4.614.799.400
1114	16	22	33	37	39	51	54	16-11-2024	51.077.854.200	4.916.504.700
1115	6	10	17	34	41	48	31	19-11-2024	54.820.284.600	5.332.330.300
1116	15	22	31	40	42	51	26	21-11-2024	57.805.702.500	3.331.713.100
1117	4	12	25	39	48	51	45	23-11-2024	60.242.121.300	3.602.426.300
1118	8	11	16	32	40	43	12	26-11-2024	63.109.454.250	3.921.018.850
1119	1	16	24	28	38	53	9	28-11-2024	66.033.314.400	3.324.873.350
1120	1	20	24	26	38	41	36	30-11-2024	69.481.767.900	3.708.034.850
1121	10	19	33	39	47	54	16	03-12-2024	75.376.744.950	4.363.032.300
1122	16	21	29	41	42	47	9	05-12-2024	82.155.882.450	5.116.269.800
1123	16	17	22	24	29	37	54	07-12-2024	89.056.708.500	5.883.028.250
1124	11	15	26	45	52	55	36	10-12-2024	96.561.728.400	6.716.919.350
1125	1	9	12	18	37	44	11	12-12-2024	104.087.275.950	7.553.091.300
1126	3	10	19	20	21	24	7	14-12-2024	108.199.429.950	3.456.906.000
1127	2	14	27	30	53	54	16	17-12-2024	114.127.792.950	3.658.707.000
1128	13	16	32	39	49	51	11	19-12-2024	121.982.452.050	4.531.446.900
1129	4	16	29	30	35	51	48	21-12-2024	128.073.792.900	3.676.815.650
1130	17	20	27	32	44	51	33	24-12-2024	135.414.821.550	3.815.669.850
1131	6	18	33	38	41	48	16	26-12-2024	31.753.393.950	4.010.491.400
1132	6	19	36	42	53	55	39	28-12-2024	33.763.433.250	3.223.337.700
1133	8	13	29	36	42	43	28	31-12-2024	36.109.769.250	3.484.041.700
1134	4	10	18	22	41	45	50	02-01-2025	37.793.396.100	3.671.111.350
1135	4	10	30	36	40	53	51	04-01-2025	39.902.397.600	3.234.333.500
1136	4	5	9	16	22	39	30	07-01-2025	41.746.660.050	3.439.251.550
1137	18	21	31	39	50	53	13	09-01-2025	44.261.572.800	3.718.686.300
1138	10	25	26	29	37	46	14	11-01-2025	46.209.201.600	3.935.089.500
1139	3	11	12	24	33	40	46	14-01-2025	48.562.514.850	4.196.568.750
1140	8	16	34	37	47	50	23	16-01-2025	31.876.928.850	4.405.116.400
1141	1	3	26	31	37	41	51	18-01-2025	33.815.698.950	4.620.535.300
1142	11	18	22	28	51	52	53	21-01-2025	36.193.391.850	4.884.723.400
1143	11	18	22	49	50	51	37	23-01-2025	38.546.257.350	5.146.152.900
1144	14	21	40	42	48	51	19	25-01-2025	40.900.773.450	5.407.765.800
1145	5	8	24	28	34	52	39	30-01-2025	43.645.177.200	5.712.699.550
1146	1	20	34	38	45	47	49	01-02-2025	46.018.127.550	5.976.360.700
1147	7	17	29	51	52	55	41	04-02-2025	49.732.972.050	6.389.121.200
1148	1	11	31	43	48	54	19	06-02-2025	52.747.586.850	6.724.078.400
1149	11	22	28	44	48	49	23	08-02-2025	55.644.928.050	7.046.005.200
1150	1	9	18	21	35	40	44	11-02-2025	59.319.380.550	7.454.277.700
1151	2	8	23	26	42	47	7	13-02-2025	62.674.223.700	7.827.038.050
1152	22	37	38	47	51	55	31	15-02-2025	66.365.326.200	8.237.160.550
1153	12	13	30	38	40	47	42	18-02-2025	70.379.762.250	8.683.209.000
1154	13	17	20	27	36	54	47	20-02-2025	74.036.618.400	3.406.317.350
1155	1	2	7	22	23	46	50	22-02-2025	77.102.412.150	3.746.961.100
1156	1	7	11	24	29	30	48	25-02-2025	79.934.678.850	4.061.657.400
1157	5	9	21	31	43	53	11	27-02-2025	84.093.740.850	3.462.118.000
1158	15	17	34	37	39	45	41	01-03-2025	91.035.300.900	4.233.402.450
1159	5	14	27	43	45	53	47	04-03-2025	96.543.610.950	3.612.034.450
1160	5	10	21	26	43	51	15	06-03-2025	101.684.818.650	3.571.245.300
1161	10	38	41	43	45	48	8	08-03-2025	107.773.238.100	3.676.491.050
1162	1	16	18	30	31	44	34	11-03-2025	115.151.239.200	3.819.777.900
1163	7	13	21	43	52	53	17	13-03-2025	123.635.113.500	4.762.430.600
1164	1	34	39	40	42	50	25	15-03-2025	133.643.776.800	5.874.504.300
1165	2	8	29	30	50	55	27	18-03-2025	143.802.230.700	7.003.221.400
1166	11	13	24	28	36	41	37	20-03-2025	153.077.300.400	8.033.784.700
1167	2	23	42	50	52	54	44	22-03-2025	164.088.133.950	9.257.210.650
1168	14	23	29	30	35	40	17	25-03-2025	175.595.022.300	10.535.753.800
1169	13	25	32	36	41	53	29	27-03-2025	186.303.633.150	11.725.599.450
1170	14	19	21	24	26	48	39	29-03-2025	32.223.916.650	11.972.701.300
1171	14	15	29	33	39	47	4	01-04-2025	34.854.249.450	12.264.960.500
1172	24	26	34	42	50	51	30	03-04-2025	37.221.951.000	3.263.077.950
1173	13	23	29	32	41	42	9	05-04-2025	39.367.446.600	3.501.466.350
1174	3	7	34	41	43	53	31	08-04-2025	41.867.135.850	3.779.209.600
1175	10	13	36	37	40	43	41	10-04-2025	44.401.898.100	4.060.849.850
1176	3	14	19	37	42	55	23	12-04-2025	47.047.684.800	4.354.826.150
1177	8	23	24	27	42	49	20	15-04-2025	50.285.338.500	4.714.565.450
1178	1	17	20	38	41	52	14	17-04-2025	53.378.153.850	5.058.211.600
1179	5	11	15	32	42	49	43	19-04-2025	56.252.064.000	5.377.534.950
1180	10	25	37	40	41	48	32	22-04-2025	59.711.369.250	5.761.902.200
1181	1	2	15	39	40	47	24	24-04-2025	62.979.397.950	6.125.016.500
1182	3	15	16	31	48	52	21	26-04-2025	68.101.773.600	6.694.169.350
1183	14	15	18	23	28	33	29	29-04-2025	71.571.443.250	3.385.518.850
1184	3	17	19	41	45	50	43	01-05-2025	76.782.911.700	3.964.570.900
1185	15	19	21	26	42	47	38	03-05-2025	82.629.952.950	4.614.242.150
1186	12	16	25	28	30	39	5	06-05-2025	89.374.369.800	5.363.621.800
1187	8	14	29	37	39	50	21	08-05-2025	92.683.982.550	3.367.734.750
1188	7	16	19	28	34	51	15	10-05-2025	99.353.641.350	4.108.807.950
1189	3	7	24	39	54	55	42	13-05-2025	108.136.393.500	5.084.669.300
1190	6	9	13	44	49	54	47	15-05-2025	115.812.032.250	5.937.518.050
1191	2	7	26	29	41	50	43	17-05-2025	124.379.568.750	6.889.466.550
1192	19	27	44	45	47	52	15	20-05-2025	134.006.693.250	7.959.147.050
1193	3	9	14	41	47	55	22	22-05-2025	140.519.788.050	3.723.677.200
1194	19	20	27	30	45	55	15	24-05-2025	146.813.952.000	3.699.351.550
1195	4	12	18	19	44	48	42	27-05-2025	153.441.786.900	3.736.426.100
1196	9	37	42	45	46	50	14	29-05-2025	160.738.006.800	3.810.691.100
1197	6	24	41	45	49	55	8	31-05-2025	170.827.938.300	4.931.794.600
1198	2	11	14	16	27	38	51	03-06-2025	180.795.936.450	6.039.349.950
1199	14	21	33	37	46	49	34	05-06-2025	191.760.348.000	7.257.617.900
1200	12	17	21	46	48	52	45	07-06-2025	202.986.697.350	8.504.990.050
1201	3	6	21	29	40	41	37	10-06-2025	216.184.106.550	9.971.368.850
1202	6	8	16	18	34	44	17	12-06-2025	224.635.393.650	3.939.031.900
1203	11	12	22	26	41	47	24	14-06-2025	233.787.794.700	4.016.933.450
1204	7	13	18	22	32	44	43	17-06-2025	243.233.929.650	4.049.570.550
1205	3	5	9	10	16	47	34	19-06-2025	252.732.816.750	4.055.431.900
1206	6	10	15	43	44	53	32	21-06-2025	262.386.486.300	4.072.629.950
1207	3	9	18	20	30	53	48	24-06-2025	276.667.996.350	5.659.464.400
1208	1	14	16	27	40	51	2	26-06-2025	289.868.136.600	7.126.146.650
1209	8	11	13	20	45	50	25	28-06-2025	300.000.000.000	12.230.538.750
1210	3	11	12	14	27	33	15	01-07-2025	300.000.000.000	16.003.987.500
1211	18	19	29	31	45	54	27	03-07-2025	311.454.641.100	4.272.737.900
1212	3	15	22	45	51	55	54	05-07-2025	300.000.000.000	32.691.122.500
1213	23	24	32	42	48	50	31	08-07-2025	313.594.940.100	4.510.548.900
1214	12	33	34	42	44	53	3	10-07-2025	328.889.332.200	6.209.925.800
1215	2	34	39	41	45	52	51	12-07-2025	344.987.346.900	7.998.594.100
1216	18	26	31	32	36	48	30	15-07-2025	32.585.071.800	3.287.230.200
1217	13	18	33	40	48	53	54	17-07-2025	34.913.854.650	3.545.983.850
1218	8	9	20	36	39	44	28	19-07-2025	36.575.526.450	3.730.614.050
1219	9	10	15	28	33	44	22	22-07-2025	38.667.639.450	3.963.071.050
1220	5	10	24	29	30	34	45	24-07-2025	40.691.043.300	4.187.893.700
1221	5	26	28	29	33	54	34	26-07-2025	43.206.543.300	3.279.500.000
1222	4	8	23	43	45	51	48	29-07-2025	46.027.096.050	3.592.894.750
1223	5	17	31	42	46	49	37	31-07-2025	48.494.261.550	3.867.024.250
1224	12	24	29	33	34	35	47	02-08-2025	50.929.534.650	4.137.610.150
1225	8	41	45	51	52	53	31	05-08-2025	53.813.039.700	3.320.389.450
1226	6	24	31	32	39	48	52	07-08-2025	56.313.287.400	3.277.805.300
1227	5	9	16	36	43	51	19	09-08-2025	58.984.238.100	3.574.577.600
1228	1	6	24	37	40	55	10	12-08-2025	62.224.001.850	3.934.551.350
1229	6	10	17	18	32	35	53	14-08-2025	64.599.673.800	3.263.963.550
1230	14	23	32	36	47	48	5	16-08-2025	67.268.820.900	3.560.535.452
1231	1	14	31	34	36	47	45	19-08-2025	70.743.552.150	3.386.081.250
1232	5	9	17	35	40	41	44	21-08-2025	73.030.078.650	3.254.058.500
1233	1	9	26	34	44	50	52	23-08-2025	76.136.581.650	3.345.167.000
1234	22	30	38	44	48	55	5	26-08-2025	79.666.261.500	3.737.353.650
1235	6	13	28	30	35	52	50	28-08-2025	82.146.504.900	4.012.936.250
1236	2	17	19	24	30	44	34	30-08-2025	87.579.465.150	4.616.598.500
1237	9	16	22	25	30	51	43	02-09-2025	91.324.162.650	3.416.077.500
1238	9	19	23	42	49	53	40	04-09-2025	97.840.187.850	4.140.080.300
1239	9	11	19	22	34	43	31	06-09-2025	104.453.902.200	4.874.937.450
1240	16	20	21	31	40	52	2	09-09-2025	110.073.962.550	3.624.451.150
1241	6	16	46	49	51	55	42	11-09-2025	118.117.411.500	4.518.167.700
1242	2	7	15	18	24	27	45	13-09-2025	124.998.778.200	5.282.764.000
1243	17	19	28	39	43	53	33	16-09-2025	132.914.971.200	6.162.341.000
1244	2	3	8	27	38	55	20	18-09-2025	138.551.627.550	3.626.295.150
1245	8	13	14	19	36	43	30	20-09-2025	143.697.475.200	3.571.760.850
1246	8	18	19	34	41	46	38	23-09-2025	152.898.886.650	4.594.139.900
1247	5	17	30	31	38	53	8	25-09-2025	162.106.874.400	5.617.249.650
1248	8	13	19	24	39	46	1	27-09-2025	170.181.303.150	6.514.408.400
1249	17	23	34	39	46	52	8	30-09-2025	179.058.846.000	7.500.802.050
1250	1	2	20	24	27	42	43	02-10-2025	31.587.845.700	3.176.427.300
1251	22	33	35	36	38	40	7	04-10-2025	33.319.528.500	3.192.409.200
1252	19	22	35	37	43	45	29	07-10-2025	35.025.141.900	3.189.512.600
1253	7	11	21	22	39	42	40	09-10-2025	36.773.066.100	3.383.726.400
1254	3	7	26	43	44	46	25	11-10-2025	31.626.228.000	3.564.418.400
1255	8	9	16	26	37	55	12	14-10-2025	33.287.273.850	3.184.560.650
1256	14	15	24	26	27	45	36	16-10-2025	34.989.782.700	3.373.728.300
1257	5	16	19	21	38	43	50	18-10-2025	36.097.198.950	3.496.774.550
1258	3	11	12	14	22	40	41	21-10-2025	37.705.495.800	3.675.474.200
1259	8	10	21	48	49	50	40	23-10-2025	39.936.636.300	3.923.378.700
1260	3	5	11	13	24	27	45	25-10-2025	41.488.510.800	4.095.809.200
1261	6	8	10	22	25	54	9	28-10-2025	43.789.084.050	3.255.619.250
1262	20	23	35	41	47	55	37	30-10-2025	46.373.178.900	3.287.121.650
1263	7	11	28	29	31	33	8	01-11-2025	48.225.227.700	3.492.904.850
1264	15	27	29	31	36	43	38	04-11-2025	50.350.993.050	3.236.196.150
1265	16	20	29	33	36	49	6	06-11-2025	52.441.587.750	3.468.484.450
1266	14	16	19	22	27	44	18	08-11-2025	54.754.526.550	3.725.477.650
1267	11	20	28	41	47	54	31	11-11-2025	57.859.966.200	3.345.048.850
1268	1	15	30	38	40	43	13	13-11-2025	60.698.802.000	3.660.475.050
1269	2	30	33	35	42	54	45	15-11-2025	63.714.494.100	3.995.551.950
1270	7	12	18	22	30	49	5	18-11-2025	66.647.263.800	3.325.863.300
1271	3	12	19	20	31	42	13	20-11-2025	69.003.198.300	3.587.633.800
1272	8	10	19	29	34	46	14	22-11-2025	71.484.993.300	3.275.755.000
1273	23	31	32	42	46	48	4	25-11-2025	74.915.017.950	3.656.868.850
1274	4	5	10	11	28	35	38	27-11-2025	76.934.411.400	3.881.245.900
1275	4	20	24	27	40	48	9	29-11-2025	80.418.746.100	4.268.394.200
1276	16	20	24	36	51	54	10	02-12-2025	84.266.750.100	4.695.950.200
1277	10	29	32	33	44	53	14	04-12-2025	87.887.521.200	3.402.307.900
1278	12	26	34	37	50	52	15	06-12-2025	91.214.740.200	3.771.998.900
1279	14	21	26	27	31	43	42	09-12-2025	94.702.633.950	4.159.542.650
1280	9	13	21	45	48	55	38	11-12-2025	98.843.019.600	4.619.585.500
1281	5	8	12	18	20	38	52	13-12-2025	101.125.122.150	3.253.566.950
1282	7	36	37	38	52	55	46	16-12-2025	106.675.498.650	3.870.275.450
1283	12	14	29	30	39	55	50	18-12-2025	110.723.398.050	3.449.766.600
1284	22	32	33	35	40	41	23	20-12-2025	115.627.287.900	3.994.643.250
1285	2	10	16	25	32	38	3	23-12-2025	117.271.471.350	4.177.330.300
1286	4	6	32	37	40	48	38	25-12-2025	123.854.457.900	3.731.442.950
1287	16	21	30	37	39	40	13	27-12-2025	133.260.892.500	4.776.602.350
1288	11	30	35	41	48	55	38	30-12-2025	144.058.214.100	5.976.304.750
1289	5	16	29	33	39	42	54	01-01-2026	153.894.010.350	7.069.171.000
1290	10	16	17	23	33	36	42	03-01-2026	164.499.610.350	8.247.571.000
1291	22	28	29	30	34	47	20	06-01-2026	176.547.951.300	9.586.275.550
1292	20	22	36	43	45	50	47	08-01-2026	188.047.526.250	10.864.006.100
1293	9	16	30	33	34	38	49	10-01-2026	199.827.244.650	12.172.863.700
